12as,0,Arg,A,100,S,LIT,12as
12as,0,Asp,A,46,S,LIT,12as
12as,0,Gln,A,116,S,LIT,12as
132l,0,Asp,A,52,S,LIT,132l
132l,0,Glu,A,35,S,LIT,132l
135l,0,Asp,A,52,S,LIT,135l
135l,0,Glu,A,35,S,LIT,135l
13pk,0,Arg,A,39,S,LIT,13pk
13pk,0,Gly,A,376,N,LIT,13pk
13pk,0,Gly,A,399,N,LIT,13pk
13pk,0,Lys,A,219,S,LIT,13pk
1a05,0,Asp,B,222,S,LIT,1a05
1a05,0,Lys,B,190,S,LIT,1a05
1a05,0,Tyr,A,140,S,LIT,1a05
1a0i,0,Lys,A,238,S,LIT,1a0i
1a0i,0,Lys,A,240,S,LIT,1a0i
1a0i,0,Lys,A,34,S,LIT,1a0i
1a0j,0,Asp,A,102,S,LIT,1a0j
1a0j,0,Gly,A,193,N,LIT,1a0j
1a0j,0,His,A,57,S,LIT,1a0j
1a0j,0,Ser,A,195,S,LIT,1a0j
1a0j,0,Ser,A,195,N,LIT,1a0j
1a16,0,Glu,A,383,S,LIT,1a16
1a16,0,His,A,243,S,LIT,1a16
1a16,0,His,A,350,S,LIT,1a16
1a16,0,His,A,361,S,LIT,1a16
1a26,0,Glu,A,988,S,LIT,1a26
1a26,0,Tyr,A,907,S,LIT,1a26
1a2t,0,Arg,A,35,S,LIT,1a2t
1a2t,0,Arg,A,87,S,LIT,1a2t
1a30,0,Asp,A,25,S,LIT,1a30
1a30,0,Asp,B,25,S,LIT,1a30
1a4i,0,Gln,A,100,S,LIT,1a4i
1a4i,0,Lys,A,56,S,LIT,1a4i
1a4l,0,Asp,A,295,S,LIT,1a4l
1a4l,0,Glu,A,217,S,LIT,1a4l
1a4l,0,His,A,238,S,LIT,1a4l
1a4s,0,Asn,A,166,N,LIT,1a4s
1a4s,0,Cys,A,297,S,LIT,1a4s
1a4s,0,Cys,A,297,N,LIT,1a4s
1a4s,0,Glu,A,263,S,LIT,1a4s
1a4s,0,Glu,A,477,S,LIT,1a4s
1a4y,0,His,B,114,S,LIT,1a4y
1a4y,0,His,B,13,S,LIT,1a4y
1a4y,0,Lys,B,40,S,LIT,1a4y
1a50,0,Asp,A,60,S,LIT,1a50
1a50,0,Glu,B,109,S,LIT,1a50
1a50,0,Glu,A,49,S,LIT,1a50
1a50,0,Lys,B,87,S,LIT,1a50
1a65,0,Cys,A,452,S,LIT,1a65
1a65,0,Cys,A,452,C,LIT,1a65
1a65,0,His,A,451,S,LIT,1a65
1a69,0,Arg,A,217,S,LIT,1a69
1a69,0,Asp,A,204,S,LIT,1a69
1a6d,0,Asp,A,390,S,LIT,1a6d
1a6d,0,Asp,A,63,S,LIT,1a6d
1a6d,0,Thr,A,96,S,LIT,1a6d
1a6d,0,Thr,A,97,S,LIT,1a6d
1a79,0,His,A,125,S,LIT,1a79
1a79,0,Lys,A,156,S,LIT,1a79
1a79,0,Tyr,A,115,S,LIT,1a79
1a7u,0,Asp,A,228,S,LIT,1a7u
1a7u,0,His,A,257,S,LIT,1a7u
1a7u,0,Met,A,99,N,LIT,1a7u
1a7u,0,Phe,A,32,N,LIT,1a7u
1a7u,0,Ser,A,98,S,LIT,1a7u
1a8h,0,Lys,A,297,S,LIT,1a8h
1a8h,0,Lys,A,300,S,LIT,1a8h
1a95,0,Asp,A,88,S,LIT,1a95
1a95,0,Asp,A,89,S,LIT,1a95
1a95,0,Asp,A,92,S,LIT,1a95
1ab4,0,Arg,A,32,S,LIT,1ab4
1ab4,0,His,A,78,S,LIT,1ab4
1ab4,0,Tyr,A,122,S,LIT,1ab4
1ab8,0,Arg,A,1029,S,LIT,1ab8
1abr,0,Arg,A,167,S,LIT,1abr
1abr,0,Glu,A,164,S,LIT,1abr
1adn,0,Cys,A,69,S,LIT,1adn
1afr,0,Asp,A,228,S,LIT,1afr
1afr,0,His,A,146,S,LIT,1afr
1afr,0,Trp,A,62,S,LIT,1afr
1afw,0,Cys,A,125,S,LIT,1afw
1afw,0,Cys,A,403,S,LIT,1afw
1afw,0,Gly,A,405,N,LIT,1afw
1afw,0,His,A,375,S,LIT,1afw
1agm,0,Glu,A,179,S,LIT,1agm
1agm,0,Glu,A,400,S,LIT,1agm
1agm,0,Trp,A,120,S,LIT,1agm
1agy,0,Asp,A,175,S,LIT,1agy
1agy,0,Gln,A,121,S,LIT,1agy
1agy,0,His,A,188,S,LIT,1agy
1agy,0,Ser,A,120,S,LIT,1agy
1agy,0,Ser,A,42,N,LIT,1agy
1ah7,0,Asp,A,55,S,LIT,1ah7
1ahj,0,Arg,B,56,S,LIT,1ahj
1ahj,0,Cys,A,113,S,LIT,1ahj
1ahj,0,Cys,A,115,S,LIT,1ahj
1ahj,0,Ser,A,114,S,LIT,1ahj
1aj0,0,Arg,A,255,S,LIT,1aj0
1aj0,0,Lys,A,221,S,LIT,1aj0
1aj8,0,Asp,A,312,S,LIT,1aj8
1aj8,0,His,A,223,S,LIT,1aj8
1aj8,0,His,A,262,S,LIT,1aj8
1aj8,0,Ser,A,193,S,LIT,1aj8
1ak0,0,Arg,A,48,S,LIT,1ak0
1akd,0,Asp,A,251,S,LIT,1akd
1akd,0,Thr,A,252,S,LIT,1akd
1akm,0,Arg,A,106,S,LIT,1akm
1akm,0,Arg,A,319,S,LIT,1akm
1akm,0,Asp,A,231,S,LIT,1akm
1akm,0,Cys,A,273,S,LIT,1akm
1akm,0,Gln,A,136,S,LIT,1akm
1akm,0,His,A,133,S,LIT,1akm
1ako,0,Asn,A,153,S,LIT,1ako
1ako,0,Asn,A,7,S,LIT,1ako
1ako,0,Asp,A,151,S,LIT,1ako
1ako,0,Asp,A,229,S,LIT,1ako
1ako,0,His,A,259,S,LIT,1ako
1ald,0,Asp,A,33,S,LIT,1ald
1ald,0,Glu,A,187,S,LIT,1ald
1ald,0,Glu,A,189,S,LIT,1ald
1ald,0,Lys,A,146,S,LIT,1ald
1ald,0,Lys,A,229,S,LIT,1ald
1ald,0,Ser,A,300,S,LIT,1ald
1ald,0,Tyr,A,363,S,LIT,1ald
1alk,0,Arg,A,166,S,LIT,1alk
1alk,0,Ser,A,102,S,LIT,1alk
1am2,0,Asn,A,198,S,LIT,1am2
1am2,0,Asn,A,198,C,LIT,1am2
1am2,0,Asn,A,74,S,LIT,1am2
1am2,0,His,A,197,S,LIT,1am2
1am2,0,His,A,75,S,LIT,1am2
1am2,0,Ser,A,1,S,LIT,1am2
1am2,0,Thr,A,72,S,LIT,1am2
1amo,0,Asp,A,675,S,LIT,1amo
1amo,0,Cys,A,630,S,LIT,1amo
1amo,0,Ser,A,457,S,LIT,1amo
1amp,0,Glu,A,151,S,LIT,1amp
1amy,0,Asp,A,179,S,LIT,1amy
1amy,0,Asp,A,289,S,LIT,1amy
1amy,0,Glu,A,204,S,LIT,1amy
1aop,0,Arg,A,153,S,LIT,1aop
1aop,0,Arg,A,83,S,LIT,1aop
1aop,0,Cys,A,483,S,LIT,1aop
1aop,0,Lys,A,215,S,LIT,1aop
1aop,0,Lys,A,217,S,LIT,1aop
1apx,0,Arg,A,38,S,LIT,1apx
1apx,0,Asn,A,71,S,LIT,1apx
1apx,0,His,A,42,S,LIT,1apx
1apy,0,Gly,B,235,N,LIT,1apy
1apy,0,Ser,A,49,S,LIT,1apy
1apy,0,Thr,B,183,S,LIT,1apy
1apy,0,Thr,B,183,N,LIT,1apy
1apy,0,Thr,B,201,S,LIT,1apy
1apy,0,Thr,B,234,S,LIT,1apy
1aq0,0,Glu,A,232,S,LIT,1aq0
1aq0,0,Glu,A,280,S,LIT,1aq0
1aq0,0,Glu,A,288,S,LIT,1aq0
1aq0,0,Lys,A,283,S,LIT,1aq0
1aq2,0,Arg,A,333,S,LIT,1aq2
1aq2,0,His,A,232,S,LIT,1aq2
1aq2,0,Lys,A,254,S,LIT,1aq2
1aql,0,Ala,A,108,N,LIT,1aql
1aql,0,Ala,A,195,N,LIT,1aql
1aql,0,Asp,A,320,S,LIT,1aql
1aql,0,Gly,A,107,N,LIT,1aql
1aql,0,His,A,435,S,LIT,1aql
1aql,0,Ser,A,194,S,LIT,1aql
1arz,0,His,A,159,S,LIT,1arz
1arz,0,Lys,A,163,S,LIT,1arz
1ast,0,Glu,A,93,S,LIT,1ast
1ast,0,Tyr,A,149,S,LIT,1ast
1asy,0,Arg,B,325,S,LIT,1asy
1asy,0,Arg,B,531,S,LIT,1asy
1asy,0,Asp,B,342,S,LIT,1asy
1at1,0,Arg,A,105,S,LIT,1at1
1at1,0,Arg,A,54,S,LIT,1at1
1at1,0,His,A,134,S,LIT,1at1
1at1,0,Lys,A,84,S,LIT,1at1
1at1,0,Thr,A,55,S,LIT,1at1
1aug,0,Arg,A,91,S,LIT,1aug
1aug,0,Cys,A,144,S,LIT,1aug
1aug,0,Cys,A,144,N,LIT,1aug
1aug,0,Glu,A,81,S,LIT,1aug
1aug,0,His,A,168,S,LIT,1aug
1aui,0,Arg,A,122,S,LIT,1aui
1aui,0,Arg,A,254,S,LIT,1aui
1aui,0,Asp,A,121,S,LIT,1aui
1aui,0,His,A,151,S,LIT,1aui
1auk,0,Asp,A,281,S,LIT,1auk
1auk,0,His,A,125,S,LIT,1auk
1auk,0,His,A,229,S,LIT,1auk
1auk,0,Lys,A,123,S,LIT,1auk
1auk,0,Lys,A,302,S,LIT,1auk
1auk,0,Ser,A,150,S,LIT,1auk
1auo,0,Asp,A,168,S,LIT,1auo
1auo,0,Gln,A,115,S,LIT,1auo
1auo,0,His,A,199,S,LIT,1auo
1auo,0,Leu,A,23,S,LIT,1auo
1auo,0,Ser,A,114,S,LIT,1auo
1auw,0,Glu,A,294,S,LIT,1auw
1auw,0,His,C,160,S,LIT,1auw
1auw,0,Lys,A,287,S,LIT,1auw
1avq,0,Lys,A,131,S,LIT,1avq
1aw8,0,Lys,A,9,S,LIT,1aw8
1aw8,0,Tyr,B,58,S,LIT,1aw8
1ax4,0,Asp,A,133,S,LIT,1ax4
1ax4,0,His,A,458,S,LIT,1ax4
1ax4,0,Tyr,A,72,S,LIT,1ax4
1azw,0,Asp,A,266,S,LIT,1azw
1azw,0,Gly,A,43,N,LIT,1azw
1azw,0,His,A,294,S,LIT,1azw
1azw,0,Ser,A,110,S,LIT,1azw
1azw,0,Trp,A,111,N,LIT,1azw
1azy,0,Arg,A,171,S,LIT,1azy
1azy,0,His,A,85,S,LIT,1azy
1azy,0,Lys,A,190,S,LIT,1azy
1b04,0,Ala,A,114,S,LIT,1b04
1b2m,0,Arg,A,77,S,LIT,1b2m
1b2m,0,Glu,A,58,S,LIT,1b2m
1b2m,0,His,A,40,S,LIT,1b2m
1b2m,0,His,A,92,S,LIT,1b2m
1b2m,0,Phe,A,100,S,LIT,1b2m
1b2m,0,Tyr,A,38,S,LIT,1b2m
1b3r,0,Asn,A,190,S,LIT,1b3r
1b3r,0,Asp,A,130,S,LIT,1b3r
1b3r,0,Asp,A,189,S,LIT,1b3r
1b3r,0,Cys,A,194,S,LIT,1b3r
1b3r,0,His,A,300,S,LIT,1b3r
1b3r,0,His,A,54,S,LIT,1b3r
1b3r,0,Lys,A,185,S,LIT,1b3r
1b57,0,Asn,A,286,S,LIT,1b57
1b57,0,Asp,A,109,S,LIT,1b57
1b57,0,Glu,A,182,S,LIT,1b57
1b5q,0,Glu,A,62,S,LIT,1b5q
1b5t,0,Asp,A,120,S,LIT,1b5t
1b5t,0,Glu,A,28,S,LIT,1b5t
1b65,0,Asn,A,218,S,LIT,1b65
1b65,0,Gly,A,289,N,LIT,1b65
1b65,0,Ser,A,250,S,LIT,1b65
1b65,0,Ser,A,288,S,LIT,1b65
1b65,0,Tyr,A,146,N,LIT,1b65
1b66,0,Asp,B,88,S,LIT,1b66
1b66,0,Cys,A,42,S,LIT,1b66
1b66,0,Glu,A,133,S,LIT,1b66
1b66,0,His,B,89,S,LIT,1b66
1b6b,0,His,B,122,S,LIT,1b6b
1b6b,0,Leu,B,111,C,LIT,1b6b
1b6b,0,Leu,B,124,N,LIT,1b6b
1b6b,0,Ser,B,97,S,LIT,1b6b
1b6b,0,Tyr,B,168,S,LIT,1b6b
1b6g,0,Asp,A,124,S,LIT,1b6g
1b6g,0,Asp,A,260,S,LIT,1b6g
1b6g,0,His,A,289,S,LIT,1b6g
1b6t,0,Arg,A,91,S,LIT,1b6t
1b6t,0,His,A,18,S,LIT,1b6t
1b6t,0,Ser,A,129,N,LIT,1b6t
1b73,0,Asp,A,7,S,LIT,1b73
1b73,0,Cys,A,178,S,LIT,1b73
1b73,0,Cys,A,70,S,LIT,1b73
1b73,0,Ser,A,8,S,LIT,1b73
1b7y,0,Ala,A,314,S,LIT,1b7y
1b7y,0,Arg,A,204,S,LIT,1b7y
1b8f,0,Ala,A,142,S,LIT,1b8f
1b8f,0,Glu,A,414,S,LIT,1b8f
1b8f,0,Gly,A,144,S,LIT,1b8f
1b8f,0,Ser,A,143,S,LIT,1b8f
1b8f,0,Tyr,A,280,S,LIT,1b8f
1b93,0,Asp,A,101,S,LIT,1b93
1b93,0,Asp,A,71,S,LIT,1b93
1b93,0,Asp,A,91,S,LIT,1b93
1b93,0,Gly,A,66,N,LIT,1b93
1b93,0,His,A,19,S,LIT,1b93
1b93,0,His,A,98,S,LIT,1b93
1bcr,0,Asp,B,338,S,LIT,1bcr
1bcr,0,Gly,A,53,N,LIT,1bcr
1bcr,0,His,B,397,S,LIT,1bcr
1bcr,0,Ser,A,146,S,LIT,1bcr
1bcr,0,Tyr,A,147,N,LIT,1bcr
1bd0,0,Arg,A,136,S,LIT,1bd0
1bd0,0,Cys,B,311,S,LIT,1bd0
1bd0,0,Lys,A,39,S,LIT,1bd0
1bd0,0,Tyr,B,265,S,LIT,1bd0
1bd3,0,Arg,A,137,S,LIT,1bd3
1bd3,0,Asp,A,235,S,LIT,1bd3
1bd3,0,Thr,A,141,S,LIT,1bd3
1bfd,0,Glu,A,28,S,LIT,1bfd
1bfd,0,His,A,281,S,LIT,1bfd
1bfd,0,His,A,70,S,LIT,1bfd
1bg0,0,Arg,A,126,S,LIT,1bg0
1bg0,0,Arg,A,229,S,LIT,1bg0
1bg0,0,Arg,A,280,S,LIT,1bg0
1bg0,0,Arg,A,309,S,LIT,1bg0
1bg0,0,Glu,A,225,S,LIT,1bg0
1bg6,0,Asp,A,297,S,LIT,1bg6
1bg6,0,His,A,202,S,LIT,1bg6
1bgl,0,Glu,A,461,S,LIT,1bgl
1bgl,0,Glu,A,537,S,LIT,1bgl
1bh2,0,Arg,A,178,S,LIT,1bh2
1bh2,0,Gln,A,204,S,LIT,1bh2
1bh2,0,Glu,A,43,N,LIT,1bh2
1bh2,0,Thr,A,181,C,LIT,1bh2
1bib,0,Arg,A,118,S,LIT,1bib
1bib,0,Arg,A,317,S,LIT,1bib
1bib,0,Lys,A,183,S,LIT,1bib
1bjo,0,Asp,A,174,S,LIT,1bjo
1bjo,0,Lys,A,198,S,LIT,1bjo
1bjo,0,Trp,A,102,S,LIT,1bjo
1bjp,0,Arg,B,39,S,LIT,1bjp
1bjp,0,Phe,A,50,S,LIT,1bjp
1bjp,0,Pro,A,1,N,LIT,1bjp
1bmt,0,Asp,A,757,S,LIT,1bmt
1bmt,0,His,A,759,S,LIT,1bmt
1bmt,0,Ser,A,810,S,LIT,1bmt
1bo1,0,Asp,A,278,S,LIT,1bo1
1bo1,0,Lys,A,150,S,LIT,1bo1
1bob,0,Glu,A,255,S,LIT,1bob
1bol,0,Glu,A,105,S,LIT,1bol
1bol,0,His,A,109,S,LIT,1bol
1bol,0,His,A,46,S,LIT,1bol
1boo,0,Asp,A,96,S,LIT,1boo
1boo,0,Pro,A,54,C,LIT,1boo
1boo,0,Ser,A,53,S,LIT,1boo
1bou,0,His,B,195,S,LIT,1bou
1bp2,0,Asp,A,99,S,LIT,1bp2
1bp2,0,Gly,A,30,N,LIT,1bp2
1bp2,0,His,A,48,S,LIT,1bp2
1bqc,0,Asn,A,127,S,LIT,1bqc
1bqc,0,Glu,A,128,S,LIT,1bqc
1bqc,0,Glu,A,225,S,LIT,1bqc
1bqc,0,His,A,196,S,LIT,1bqc
1bqc,0,Tyr,A,198,S,LIT,1bqc
1brm,0,Cys,A,135,S,LIT,1brm
1brm,0,Gln,A,162,S,LIT,1brm
1brm,0,His,A,274,S,LIT,1brm
1bs0,0,Asp,A,204,S,LIT,1bs0
1bs0,0,Glu,A,175,S,LIT,1bs0
1bs0,0,His,A,133,S,LIT,1bs0
1bs0,0,Lys,A,236,S,LIT,1bs0
1bs4,0,Gln,A,50,S,LIT,1bs4
1bs4,0,Glu,A,133,S,LIT,1bs4
1bs4,0,Gly,A,45,N,LIT,1bs4
1bs4,0,Leu,A,91,N,LIT,1bs4
1bs9,0,Asp,A,175,S,LIT,1bs9
1bs9,0,Gln,A,91,S,LIT,1bs9
1bs9,0,Gln,A,91,N,LIT,1bs9
1bs9,0,His,A,187,S,LIT,1bs9
1bs9,0,Ser,A,90,S,LIT,1bs9
1bs9,0,Thr,A,13,S,LIT,1bs9
1bs9,0,Thr,A,13,N,LIT,1bs9
1bsj,0,Gln,A,50,S,LIT,1bsj
1bsj,0,Glu,A,133,S,LIT,1bsj
1bsj,0,Gly,A,45,C,LIT,1bsj
1bsj,0,Leu,A,91,N,LIT,1bsj
1bt1,0,Glu,A,236,S,LIT,1bt1
1btl,0,Ala,A,237,N,LIT,1btl
1btl,0,Glu,A,166,S,LIT,1btl
1btl,0,Lys,A,234,S,LIT,1btl
1btl,0,Lys,A,73,S,LIT,1btl
1btl,0,Ser,A,130,S,LIT,1btl
1btl,0,Ser,A,70,S,LIT,1btl
1btl,0,Ser,A,70,N,LIT,1btl
1bvv,0,Glu,A,172,S,LIT,1bvv
1bvv,0,Glu,A,78,S,LIT,1bvv
1bwd,0,Arg,A,127,S,LIT,1bwd
1bwd,0,Asp,A,108,S,LIT,1bwd
1bwd,0,Asp,A,179,S,LIT,1bwd
1bwd,0,Asp,A,229,S,LIT,1bwd
1bwd,0,Cys,A,332,S,LIT,1bwd
1bwd,0,His,A,227,S,LIT,1bwd
1bwd,0,His,A,331,S,LIT,1bwd
1bwp,0,Asn,A,104,S,LIT,1bwp
1bwp,0,Asp,A,192,S,LIT,1bwp
1bwp,0,Gly,A,74,N,LIT,1bwp
1bwp,0,His,A,195,S,LIT,1bwp
1bwp,0,Ser,A,47,S,LIT,1bwp
1bwz,0,Cys,A,217,S,LIT,1bwz
1bwz,0,Cys,A,73,S,LIT,1bwz
1bwz,0,Glu,A,208,S,LIT,1bwz
1bwz,0,His,A,159,S,LIT,1bwz
1bya,0,Asp,A,101,S,LIT,1bya
1bya,0,Glu,A,186,S,LIT,1bya
1bzc,0,Arg,A,221,S,LIT,1bzc
1bzc,0,Asp,A,181,S,LIT,1bzc
1bzc,0,Cys,A,215,S,LIT,1bzc
1bzc,0,Ser,A,222,S,LIT,1bzc
1c0k,0,Ser,A,1335,S,LIT,1c0k
1c0k,0,Ser,A,1335,C,LIT,1c0k
1c17,0,Arg,M,210,S,LIT,1c17
1c17,0,Asn,M,214,S,LIT,1c17
1c17,0,Asp,A,61,S,LIT,1c17
1c17,0,Ser,M,206,S,LIT,1c17
1c2t,0,Asn,A,106,S,LIT,1c2t
1c2t,0,Asp,A,144,S,LIT,1c2t
1c2t,0,His,A,108,S,LIT,1c2t
1c2t,0,Ser,A,135,S,LIT,1c2t
1c3c,0,Glu,B,275,S,LIT,1c3c
1c3c,0,His,A,141,S,LIT,1c3c
1c3c,0,Lys,B,268,S,LIT,1c3c
1c3c,0,Thr,A,140,S,LIT,1c3c
1c3j,0,Asp,A,100,S,LIT,1c3j
1c3j,0,Glu,A,22,S,LIT,1c3j
1c4t,0,His,A,375,S,LIT,1c4t
1c4t,0,Thr,A,323,S,LIT,1c4t
1c4x,0,Asp,A,235,S,LIT,1c4x
1c4x,0,His,A,263,S,LIT,1c4x
1c4x,0,Ser,A,110,S,LIT,1c4x
1c4z,0,Arg,A,506,S,LIT,1c4z
1c4z,0,Asp,A,607,S,LIT,1c4z
1c4z,0,Cys,A,820,S,LIT,1c4z
1c4z,0,Glu,A,539,S,LIT,1c4z
1c4z,0,Glu,A,550,S,LIT,1c4z
1c4z,0,His,A,818,S,LIT,1c4z
1c54,0,Arg,A,65,S,LIT,1c54
1c54,0,Glu,A,54,S,LIT,1c54
1c54,0,His,A,85,S,LIT,1c54
1c82,0,Asn,A,349,S,LIT,1c82
1c82,0,His,A,399,S,LIT,1c82
1c82,0,Tyr,A,408,S,LIT,1c82
1c9u,0,Asp,A,163,S,LIT,1c9u
1c9u,0,His,A,144,S,LIT,1c9u
1cbg,0,Asn,A,324,S,LIT,1cbg
1cbg,0,Glu,A,183,S,LIT,1cbg
1cbg,0,Glu,A,397,S,LIT,1cbg
1cbx,0,Arg,A,127,S,LIT,1cbx
1cbx,0,Glu,A,270,S,LIT,1cbx
1cc1,0,Cse,L,492,S,LIT,1cc1
1cc1,0,Glu,L,23,S,LIT,1cc1
1cc1,0,Thr,S,19,S,LIT,1cc1
1cd5,0,Asp,A,141,S,LIT,1cd5
1cd5,0,Asp,A,72,S,LIT,1cd5
1cd5,0,Glu,A,148,S,LIT,1cd5
1cd5,0,His,A,143,S,LIT,1cd5
1cel,0,Asp,A,214,S,LIT,1cel
1cel,0,Glu,A,212,S,LIT,1cel
1cel,0,Glu,A,217,S,LIT,1cel
1cel,0,His,A,228,S,LIT,1cel
1cev,0,Asp,A,126,S,LIT,1cev
1cev,0,Glu,A,271,S,LIT,1cev
1cf2,0,Cys,O,140,S,LIT,1cf2
1cf2,0,His,O,219,S,LIT,1cf2
1cfr,0,Lys,A,190,S,LIT,1cfr
1cg6,0,Asp,A,220,S,LIT,1cg6
1cg6,0,Asp,A,222,N,LIT,1cg6
1cgk,0,Asn,A,336,S,LIT,1cgk
1cgk,0,Cys,A,164,S,LIT,1cgk
1cgk,0,His,A,303,S,LIT,1cgk
1cgk,0,Phe,A,215,S,LIT,1cgk
1chd,0,Asp,A,286,S,LIT,1chd
1chd,0,His,A,190,S,LIT,1chd
1chd,0,Met,A,283,N,LIT,1chd
1chd,0,Ser,A,164,S,LIT,1chd
1chd,0,Thr,A,165,N,LIT,1chd
1chk,0,Asp,A,40,S,LIT,1chk
1chk,0,Glu,A,22,S,LIT,1chk
1chk,0,Thr,A,45,S,LIT,1chk
1chm,0,Glu,A,262,S,LIT,1chm
1chm,0,Glu,A,358,S,LIT,1chm
1chm,0,His,A,232,S,LIT,1chm
1ci8,0,Lys,A,78,S,LIT,1ci8
1ci8,0,Ser,A,75,S,LIT,1ci8
1ci8,0,Ser,A,75,N,LIT,1ci8
1ci8,0,Trp,A,348,S,LIT,1ci8
1ci8,0,Tyr,A,181,S,LIT,1ci8
1ci8,0,Val,A,351,N,LIT,1ci8
1cjy,0,Asp,A,549,S,LIT,1cjy
1cjy,0,Gly,A,197,N,LIT,1cjy
1cjy,0,Gly,A,198,N,LIT,1cjy
1cjy,0,Ser,A,228,S,LIT,1cjy
1cl1,0,Tyr,A,111,S,LIT,1cl1
1cmx,0,Asp,A,181,S,LIT,1cmx
1cmx,0,Cys,A,90,S,LIT,1cmx
1cmx,0,Cys,A,90,N,LIT,1cmx
1cmx,0,Gln,A,84,S,LIT,1cmx
1cmx,0,His,A,166,S,LIT,1cmx
1cns,0,Glu,A,67,S,LIT,1cns
1cns,0,Glu,A,89,S,LIT,1cns
1coy,0,Asn,A,485,S,LIT,1coy
1coy,0,Glu,A,361,S,LIT,1coy
1coy,0,His,A,447,S,LIT,1coy
1cqg,0,Ala,A,35,S,LIT,1cqg
1cqg,0,Cys,A,32,S,LIT,1cqg
1cqj,0,Glu,B,197,S,LIT,1cqj
1cqj,0,Glu,A,208,S,LIT,1cqj
1cqj,0,His,A,246,S,LIT,1cqj
1cqj,0,Tyr,B,109,S,LIT,1cqj
1cqq,0,Cys,A,147,S,LIT,1cqq
1cqq,0,Cys,A,147,N,LIT,1cqq
1cqq,0,Glu,A,71,S,LIT,1cqq
1cqq,0,Gly,A,145,N,LIT,1cqq
1cqq,0,His,A,40,S,LIT,1cqq
1cs1,0,Arg,C,48,S,LIT,1cs1
1cs1,0,Asp,A,173,S,LIT,1cs1
1cs1,0,Llp,A,198,U,LIT,1cs1
1cs1,0,Tyr,A,101,S,LIT,1cs1
1ctn,0,Glu,A,315,S,LIT,1ctn
1ctt,0,Cys,A,132,S,LIT,1ctt
1ctt,0,Glu,A,104,S,LIT,1ctt
1cv2,0,Asp,A,108,S,LIT,1cv2
1cv2,0,Glu,A,132,S,LIT,1cv2
1cv2,0,His,A,272,S,LIT,1cv2
1cv2,0,Trp,A,109,S,LIT,1cv2
1cvr,0,Cys,A,244,S,LIT,1cvr
1cvr,0,Cys,A,244,N,LIT,1cvr
1cvr,0,Glu,A,152,S,LIT,1cvr
1cvr,0,Gly,A,212,N,LIT,1cvr
1cvr,0,His,A,211,S,LIT,1cvr
1cw0,0,Asp,A,97,S,LIT,1cw0
1cw0,0,His,A,69,S,LIT,1cw0
1cwy,0,Asp,A,293,S,LIT,1cwy
1cwy,0,Asp,A,395,S,LIT,1cwy
1cwy,0,Glu,A,340,S,LIT,1cwy
1cz0,0,Arg,A,61,S,LIT,1cz0
1cz0,0,Cys,A,105,C,LIT,1cz0
1cz0,0,His,A,98,S,LIT,1cz0
1czf,0,Asp,A,180,S,LIT,1czf
1czf,0,Asp,A,201,S,LIT,1czf
1czf,0,Asp,A,202,S,LIT,1czf
1czf,0,His,A,223,S,LIT,1czf
1d0s,0,Glu,A,317,S,LIT,1d0s
1d1q,0,Ala,A,13,S,LIT,1d1q
1d1q,0,Arg,A,19,S,LIT,1d1q
1d1q,0,Asp,A,132,S,LIT,1d1q
1d1q,0,Ser,A,20,S,LIT,1d1q
1d2r,0,Lys,A,192,S,LIT,1d2r
1d2r,0,Lys,A,195,S,LIT,1d2r
1d2t,0,Arg,A,183,S,LIT,1d2t
1d2t,0,Asp,A,193,S,LIT,1d2t
1d2t,0,His,A,150,S,LIT,1d2t
1d2t,0,His,A,189,S,LIT,1d2t
1d3g,0,Lys,A,255,S,LIT,1d3g
1d3g,0,Phe,A,149,S,LIT,1d3g
1d3g,0,Ser,A,215,S,LIT,1d3g
1d3g,0,Thr,A,218,S,LIT,1d3g
1d4a,0,Gly,A,149,S,LIT,1d4a
1d4a,0,His,A,161,S,LIT,1d4a
1d4a,0,Tyr,A,155,S,LIT,1d4a
1d4c,0,Arg,A,401,S,LIT,1d4c
1d4c,0,Arg,A,544,S,LIT,1d4c
1d4c,0,Glu,A,377,S,LIT,1d4c
1d4c,0,His,A,503,S,LIT,1d4c
1d4c,0,His,A,504,S,LIT,1d4c
1d5r,0,Arg,A,130,S,LIT,1d5r
1d5r,0,Asp,A,92,S,LIT,1d5r
1d5r,0,Cys,A,124,S,LIT,1d5r
1d6i,0,Asn,A,336,S,LIT,1d6i
1d6i,0,Csd,A,164,U,LIT,1d6i
1d6i,0,Gln,A,303,S,LIT,1d6i
1d6i,0,Phe,A,215,S,LIT,1d6i
1d6o,0,Asp,A,37,S,LIT,1d6o
1d6o,0,Ile,A,56,N,LIT,1d6o
1d6o,0,Tyr,A,82,S,LIT,1d6o
1d8c,0,Arg,A,338,S,LIT,1d8c
1d8c,0,Asp,A,270,S,LIT,1d8c
1d8c,0,Asp,A,631,S,LIT,1d8c
1d8c,0,Glu,A,272,S,LIT,1d8c
1d8h,0,Arg,A,393,S,LIT,1d8h
1d8h,0,Lys,A,409,S,LIT,1d8h
1d8h,0,Lys,A,456,S,LIT,1d8h
1d8t,0,Asp,A,21,S,LIT,1d8t
1daa,0,Glu,A,177,S,LIT,1daa
1daa,0,Lys,A,145,S,LIT,1daa
1daa,0,Tyr,A,31,S,LIT,1daa
1dak,0,Lys,A,15,S,LIT,1dak
1dak,0,Lys,A,37,S,LIT,1dak
1dak,0,Ser,A,41,S,LIT,1dak
1dak,0,Thr,A,11,S,LIT,1dak
1db3,0,Glu,A,134,S,LIT,1db3
1db3,0,Lys,A,160,S,LIT,1db3
1db3,0,Thr,A,132,S,LIT,1db3
1db3,0,Tyr,A,156,S,LIT,1db3
1dbf,0,Arg,A,90,S,LIT,1dbf
1dbt,0,Asp,A,60,S,LIT,1dbt
1dbt,0,Asp,B,65,S,LIT,1dbt
1dbt,0,Lys,A,62,S,LIT,1dbt
1dci,0,Asp,A,204,S,LIT,1dci
1dci,0,Glu,A,196,S,LIT,1dci
1dco,0,Glu,A,58,S,LIT,1dco
1dco,0,Glu,A,81,N,LIT,1dco
1dco,0,His,A,62,S,LIT,1dco
1dco,0,His,A,63,S,LIT,1dco
1dco,0,His,A,80,S,LIT,1dco
1dco,0,His,A,80,N,LIT,1dco
1de3,0,Glu,A,96,S,LIT,1de3
1de3,0,His,A,137,S,LIT,1de3
1de3,0,His,A,50,S,LIT,1de3
1de6,0,Asp,A,302,S,LIT,1de6
1de6,0,His,A,270,S,LIT,1de6
1de6,0,Lys,A,236,S,LIT,1de6
1dek,0,Arg,A,68,S,LIT,1dek
1dek,0,His,A,206,S,LIT,1dek
1dgk,0,Asp,N,657,S,LIT,1dgk
1dhf,0,Glu,A,30,S,LIT,1dhf
1dhf,0,Leu,A,22,S,LIT,1dhf
1dhp,0,Ile,A,203,S,LIT,1dhp
1dhp,0,Lys,A,161,S,LIT,1dhp
1dhp,0,Tyr,A,133,S,LIT,1dhp
1dhr,0,Lys,A,150,S,LIT,1dhr
1dhr,0,Tyr,A,146,S,LIT,1dhr
1di1,0,Lys,A,206,S,LIT,1di1
1di1,0,Phe,A,112,S,LIT,1di1
1di1,0,Phe,A,178,S,LIT,1di1
1di1,0,Trp,A,333,S,LIT,1di1
1dii,0,Arg,A,474,S,LIT,1dii
1dii,0,Glu,A,380,S,LIT,1dii
1dii,0,His,A,436,S,LIT,1dii
1dii,0,Tyr,A,473,S,LIT,1dii
1din,0,Asp,A,171,S,LIT,1din
1din,0,Cys,A,123,S,LIT,1din
1din,0,His,A,202,S,LIT,1din
1din,0,Ile,A,37,N,LIT,1din
1din,0,Leu,A,124,N,LIT,1din
1dio,0,Asp,A,335,S,LIT,1dio
1dio,0,Gln,A,296,S,LIT,1dio
1dio,0,Glu,A,170,S,LIT,1dio
1dio,0,His,A,143,S,LIT,1dio
1diz,0,Asp,A,238,S,LIT,1diz
1diz,0,Trp,A,272,S,LIT,1diz
1diz,0,Tyr,A,222,S,LIT,1diz
1dj0,0,Asp,A,60,S,LIT,1dj0
1dj1,0,Ala,A,48,S,LIT,1dj1
1dj1,0,His,A,52,S,LIT,1dj1
1dj1,0,Trp,A,191,S,LIT,1dj1
1djl,0,Arg,A,925,S,LIT,1djl
1djl,0,Tyr,A,1006,S,LIT,1djl
1djl,0,Tyr,A,890,S,LIT,1djl
1djo,0,Glu,B,3294,S,LIT,1djo
1djo,0,Thr,A,1020,S,LIT,1djo
1djo,0,Thr,A,1100,S,LIT,1djo
1djo,0,Tyr,A,1034,S,LIT,1djo
1dki,0,His,A,195,S,LIT,1dki
1dki,0,Ser,A,47,S,LIT,1dki
1dki,0,Ser,A,47,N,LIT,1dki
1dl2,0,Arg,A,136,S,LIT,1dl2
1dl2,0,Asp,A,275,S,LIT,1dl2
1dl2,0,Glu,A,132,S,LIT,1dl2
1dl2,0,Glu,A,435,S,LIT,1dl2
1dl5,0,Ser,A,59,S,LIT,1dl5
1dli,0,Asn,A,208,S,LIT,1dli
1dli,0,Asp,A,264,S,LIT,1dli
1dli,0,Cys,A,260,S,LIT,1dli
1dli,0,Glu,A,145,S,LIT,1dli
1dli,0,Lys,A,204,S,LIT,1dli
1dli,0,Thr,A,118,S,LIT,1dli
1dmu,0,Lys,A,144,S,LIT,1dmu
1dnk,0,Asp,A,212,S,LIT,1dnk
1dnk,0,Glu,A,78,S,LIT,1dnk
1dnk,0,His,A,134,S,LIT,1dnk
1dnk,0,His,A,252,S,LIT,1dnk
1dnp,0,Trp,A,306,S,LIT,1dnp
1dnp,0,Trp,A,359,S,LIT,1dnp
1dnp,0,Trp,A,382,S,LIT,1dnp
1do6,0,Glu,A,14,S,LIT,1do6
1do6,0,Lys,A,15,S,LIT,1do6
1do8,0,Asp,A,278,S,LIT,1do8
1do8,0,Lys,A,183,S,LIT,1do8
1do8,0,Tyr,A,112,S,LIT,1do8
1dod,0,Tyr,A,201,S,LIT,1dod
1dod,0,Tyr,A,385,S,LIT,1dod
1dpg,0,Asp,A,177,S,LIT,1dpg
1dpg,0,His,A,240,S,LIT,1dpg
1dqa,0,Asp,A,767,S,LIT,1dqa
1dqa,0,Glu,B,559,S,LIT,1dqa
1dqa,0,His,B,866,S,LIT,1dqa
1dqa,0,Lys,A,691,S,LIT,1dqa
1dqr,0,Arg,A,272,S,LIT,1dqr
1dqr,0,Arg,A,272,N,LIT,1dqr
1dqr,0,Glu,A,216,S,LIT,1dqr
1dqr,0,Glu,A,357,S,LIT,1dqr
1dqr,0,Gly,A,271,N,LIT,1dqr
1dqr,0,His,B,388,S,LIT,1dqr
1dqr,0,Lys,A,210,S,LIT,1dqr
1dqr,0,Lys,A,518,S,LIT,1dqr
1dqs,0,His,A,275,S,LIT,1dqs
1ds2,0,Asp,E,102,S,LIT,1ds2
1ds2,0,Gly,E,193,N,LIT,1ds2
1ds2,0,His,E,57,S,LIT,1ds2
1ds2,0,Ser,E,195,S,LIT,1ds2
1ds2,0,Ser,E,195,N,LIT,1ds2
1dtw,0,Glu,B,76,S,LIT,1dtw
1dtw,0,His,A,291,S,LIT,1dtw
1dub,0,Ala,A,98,N,LIT,1dub
1dub,0,Glu,A,144,S,LIT,1dub
1dub,0,Glu,A,164,S,LIT,1dub
1dub,0,Gly,A,141,N,LIT,1dub
1dup,0,Asp,A,90,S,LIT,1dup
1dup,0,Asp,A,92,S,LIT,1dup
1dw9,0,Arg,F,96,S,LIT,1dw9
1dw9,0,Glu,A,99,S,LIT,1dw9
1dwo,0,Asp,A,208,S,LIT,1dwo
1dwo,0,His,A,236,S,LIT,1dwo
1dwo,0,Ser,A,80,S,LIT,1dwo
1dwo,0,Thr,A,11,S,LIT,1dwo
1dxe,0,Arg,A,75,S,LIT,1dxe
1dxe,0,His,A,50,S,LIT,1dxe
1dzr,0,Asp,A,170,S,LIT,1dzr
1dzr,0,His,A,63,S,LIT,1dzr
1e0c,0,Arg,A,235,S,LIT,1e0c
1e0c,0,Arg,A,235,N,LIT,1e0c
1e0c,0,Gln,A,231,N,LIT,1e0c
1e0c,0,His,A,233,N,LIT,1e0c
1e0c,0,His,A,234,S,LIT,1e0c
1e0c,0,Ser,A,236,N,LIT,1e0c
1e0c,0,Thr,A,232,N,LIT,1e0c
1e19,0,Lys,A,131,S,LIT,1e19
1e19,0,Lys,A,215,S,LIT,1e19
1e19,0,Lys,A,277,S,LIT,1e19
1e1a,0,Glu,A,37,S,LIT,1e1a
1e1a,0,His,A,287,S,LIT,1e1a
1e2a,0,Gln,A,80,S,LIT,1e2a
1e2a,0,His,A,78,S,LIT,1e2a
1e2a,0,His,A,82,S,LIT,1e2a
1e2t,0,Arg,A,64,S,LIT,1e2t
1e2t,0,Cys,A,69,S,LIT,1e2t
1e2t,0,Glu,A,39,S,LIT,1e2t
1e3v,0,Asp,A,100,S,LIT,1e3v
1e3v,0,Asp,A,40,S,LIT,1e3v
1e3v,0,Tyr,A,16,S,LIT,1e3v
1e5q,0,Asp,A,126,S,LIT,1e5q
1e6e,0,Asp,A,159,S,LIT,1e6e
1e6e,0,His,A,55,S,LIT,1e6e
1e6e,0,Ile,A,376,N,LIT,1e6e
1e6e,0,Ile,A,376,C,LIT,1e6e
1e6e,0,Thr,A,377,N,LIT,1e6e
1e6e,0,Thr,A,377,C,LIT,1e6e
1e7l,0,Glu,A,65,S,LIT,1e7l
1e7l,0,His,B,105,S,LIT,1e7l
1e7l,0,His,A,41,S,LIT,1e7l
1e7l,0,His,A,43,S,LIT,1e7l
1e7q,0,Cys,A,109,S,LIT,1e7q
1e7q,0,His,A,179,S,LIT,1e7q
1e7q,0,Lys,A,140,S,LIT,1e7q
1e7q,0,Tyr,A,136,S,LIT,1e7q
1eb6,0,Glu,A,129,S,LIT,1eb6
1eb6,0,Tyr,A,106,S,LIT,1eb6
1ebf,0,Asp,A,219,S,LIT,1ebf
1ebf,0,Lys,A,223,S,LIT,1ebf
1ec9,0,Asn,A,237,S,LIT,1ec9
1ec9,0,His,A,339,S,LIT,1ec9
1ec9,0,Lys,A,205,S,LIT,1ec9
1ec9,0,Lys,A,207,S,LIT,1ec9
1ecf,0,Asn,A,101,S,LIT,1ecf
1ecf,0,Cys,A,1,S,LIT,1ecf
1ecf,0,Gly,A,102,N,LIT,1ecf
1ecl,0,Arg,A,321,S,LIT,1ecl
1ecl,0,Glu,A,9,S,LIT,1ecl
1ecl,0,Tyr,A,319,S,LIT,1ecl
1ecm,0,Arg,B,11,S,LIT,1ecm
1ecm,0,Arg,B,11,C,LIT,1ecm
1ecm,0,Arg,A,28,S,LIT,1ecm
1eej,0,Arg,A,125,S,LIT,1eej
1eej,0,Cys,A,101,S,LIT,1eej
1eej,0,Cys,A,98,S,LIT,1eej
1eej,0,Tyr,A,100,N,LIT,1eej
1ef8,0,Gly,A,110,N,LIT,1ef8
1ef8,0,His,A,66,N,LIT,1ef8
1ef8,0,Tyr,A,140,S,LIT,1ef8
1eh5,0,Asp,A,233,S,LIT,1eh5
1eh5,0,Gln,A,116,N,LIT,1eh5
1eh5,0,His,A,289,S,LIT,1eh5
1eh5,0,Met,A,41,N,LIT,1eh5
1eh5,0,Ser,A,115,S,LIT,1eh5
1eh6,0,Cys,A,145,S,LIT,1eh6
1eh6,0,His,A,146,S,LIT,1eh6
1eh6,0,Tyr,A,114,S,LIT,1eh6
1ehk,0,Arg,A,449,S,LIT,1ehk
1ehk,0,Arg,A,450,S,LIT,1ehk
1ehk,0,His,A,233,S,LIT,1ehk
1ehk,0,His,A,384,S,LIT,1ehk
1ehk,0,His,A,386,S,LIT,1ehk
1ehk,0,Phe,A,385,S,LIT,1ehk
1ehk,0,Phe,B,86,S,LIT,1ehk
1ehk,0,Phe,B,88,S,LIT,1ehk
1ehk,0,Tyr,A,237,S,LIT,1ehk
1ei5,0,Asn,A,155,S,LIT,1ei5
1ei5,0,His,A,287,S,LIT,1ei5
1ei5,0,Lys,A,65,S,LIT,1ei5
1ei5,0,Ser,A,62,S,LIT,1ei5
1ei5,0,Tyr,A,153,S,LIT,1ei5
1els,0,His,A,159,S,LIT,1els
1els,0,Lys,A,396,S,LIT,1els
1emd,0,Asp,A,150,S,LIT,1emd
1emd,0,His,A,177,S,LIT,1emd
1eq2,0,Lys,A,178,S,LIT,1eq2
1eq2,0,Ser,A,116,S,LIT,1eq2
1eq2,0,Tyr,A,140,S,LIT,1eq2
1esc,0,Asn,A,106,S,LIT,1esc
1esc,0,Gly,A,66,N,LIT,1esc
1esc,0,His,A,283,S,LIT,1esc
1esc,0,Ser,A,14,S,LIT,1esc
1esc,0,Ser,A,14,N,LIT,1esc
1esc,0,Trp,A,280,N,LIT,1esc
1eug,0,His,A,187,S,LIT,1eug
1eug,0,Phe,A,77,S,LIT,1eug
1eug,0,Tyr,A,66,S,LIT,1eug
1euu,0,Asp,A,92,S,LIT,1euu
1euu,0,Glu,A,260,S,LIT,1euu
1euu,0,Tyr,A,370,S,LIT,1euu
1euy,0,Arg,A,260,S,LIT,1euy
1euy,0,Glu,A,34,S,LIT,1euy
1euy,0,Lys,A,270,S,LIT,1euy
1evy,0,Lys,A,210,S,LIT,1evy
1evy,0,Thr,A,267,S,LIT,1evy
1ex1,0,Asp,A,285,S,LIT,1ex1
1ex1,0,Glu,A,491,S,LIT,1ex1
1exn,0,Arg,A,86,S,LIT,1exn
1exn,0,Lys,A,83,S,LIT,1exn
1exp,0,Asn,A,169,S,LIT,1exp
1exp,0,Asp,A,235,S,LIT,1exp
1exp,0,Glu,A,127,S,LIT,1exp
1exp,0,Glu,A,233,S,LIT,1exp
1exp,0,His,A,205,S,LIT,1exp
1eyi,0,Asp,A,68,S,LIT,1eyi
1eyi,0,Asp,A,74,S,LIT,1eyi
1eyi,0,Glu,A,98,S,LIT,1eyi
1eyp,0,Lys,A,97,S,LIT,1eyp
1eyp,0,Thr,A,48,S,LIT,1eyp
1eyp,0,Tyr,A,106,S,LIT,1eyp
1ez1,0,Arg,A,362,S,LIT,1ez1
1ez1,0,Asp,A,286,S,LIT,1ez1
1ez1,0,Gly,A,162,N,LIT,1ez1
1ez1,0,Ser,A,160,S,LIT,1ez1
1ez1,0,Thr,A,287,N,LIT,1ez1
1ez2,0,Asp,A,233,S,LIT,1ez2
1ez2,0,Asp,A,301,S,LIT,1ez2
1ez2,0,His,A,254,S,LIT,1ez2
1f2d,0,Lys,A,51,S,LIT,1f2d
1f2d,0,Tyr,A,295,S,LIT,1f2d
1f2v,0,His,A,43,S,LIT,1f2v
1f48,0,Gly,A,18,N,LIT,1f48
1f48,0,Lys,A,21,S,LIT,1f48
1f6d,0,Arg,A,215,S,LIT,1f6d
1f6d,0,Asp,A,95,S,LIT,1f6d
1f6d,0,Glu,A,117,S,LIT,1f6d
1f6d,0,Glu,A,131,S,LIT,1f6d
1f6d,0,His,A,213,S,LIT,1f6d
1f6d,0,His,A,246,S,LIT,1f6d
1f75,0,Asp,A,29,S,LIT,1f75
1f75,0,His,A,46,S,LIT,1f75
1f7u,0,His,A,159,S,LIT,1f7u
1f7u,0,His,A,162,S,LIT,1f7u
1f7u,0,Lys,A,156,S,LIT,1f7u
1f8m,0,Arg,A,228,S,LIT,1f8m
1f8m,0,Cys,A,191,S,LIT,1f8m
1f8m,0,His,A,180,S,LIT,1f8m
1f8m,0,His,A,193,S,LIT,1f8m
1f8r,0,His,A,223,S,LIT,1f8r
1f8r,0,Lys,A,326,S,LIT,1f8r
1f8x,0,Asp,A,72,S,LIT,1f8x
1f8x,0,Asp,A,92,S,LIT,1f8x
1f8x,0,Glu,A,98,S,LIT,1f8x
1f8x,0,Tyr,A,7,S,LIT,1f8x
1fa0,0,Lys,A,215,S,LIT,1fa0
1fcb,0,Asp,A,282,S,LIT,1fcb
1fcb,0,His,A,373,S,LIT,1fcb
1fcb,0,Tyr,A,254,S,LIT,1fcb
1fcq,0,Asp,A,111,S,LIT,1fcq
1fcq,0,Asp,A,111,N,LIT,1fcq
1fcq,0,Glu,A,113,S,LIT,1fcq
1fcq,0,Trp,A,301,S,LIT,1fcq
1fcq,0,Tyr,A,184,S,LIT,1fcq
1fcq,0,Tyr,A,227,S,LIT,1fcq
1ff3,0,Cas,A,51,U,LIT,1ff3
1ff3,0,Cys,A,198,S,LIT,1ff3
1ff3,0,Cys,A,206,S,LIT,1ff3
1ff3,0,Glu,A,94,S,LIT,1ff3
1fgh,0,Arg,A,447,S,LIT,1fgh
1fgh,0,Arg,A,644,N,LIT,1fgh
1fgh,0,Asp,A,100,S,LIT,1fgh
1fgh,0,Asp,A,165,S,LIT,1fgh
1fgh,0,His,A,101,S,LIT,1fgh
1fgh,0,Ser,A,642,S,LIT,1fgh
1fgj,0,Asp,A,267,S,LIT,1fgj
1fgj,0,His,A,233,S,LIT,1fgj
1fgj,0,His,A,268,S,LIT,1fgj
1fgj,0,Tyr,A,334,S,LIT,1fgj
1fgj,0,Tyr,A,467,S,LIT,1fgj
1fhl,0,Arg,A,45,S,LIT,1fhl
1fhl,0,Glu,A,136,S,LIT,1fhl
1fhl,0,Glu,A,246,S,LIT,1fhl
1fiq,0,Arg,C,880,S,LIT,1fiq
1fiq,0,Glu,C,1261,S,LIT,1fiq
1fiq,0,Glu,C,802,S,LIT,1fiq
1fnb,0,Cys,A,272,S,LIT,1fnb
1fnb,0,Glu,A,312,S,LIT,1fnb
1fnb,0,Ser,A,96,S,LIT,1fnb
1foa,0,Asp,A,291,S,LIT,1foa
1fob,0,Arg,A,45,S,LIT,1fob
1fob,0,Glu,A,136,S,LIT,1fob
1fob,0,Glu,A,246,S,LIT,1fob
1foh,0,Arg,A,281,S,LIT,1foh
1foh,0,Asp,A,54,S,LIT,1foh
1foh,0,Pro,A,364,N,LIT,1foh
1foh,0,Tyr,A,289,S,LIT,1foh
1fps,0,Arg,A,126,S,LIT,1fps
1fps,0,Phe,A,253,S,LIT,1fps
1fq0,0,Arg,A,49,S,LIT,1fq0
1fq0,0,Glu,A,45,S,LIT,1fq0
1fq0,0,Lys,A,133,S,LIT,1fq0
1fr8,0,Asp,A,252,S,LIT,1fr8
1fr8,0,Asp,A,318,S,LIT,1fr8
1fr8,0,Glu,A,317,S,LIT,1fr8
1fro,0,Glu,A,172,S,LIT,1fro
1fro,0,Glu,A,99,S,LIT,1fro
1fua,0,Glu,A,73,S,LIT,1fua
1fug,0,Arg,B,244,S,LIT,1fug
1fug,0,Asp,A,271,S,LIT,1fug
1fug,0,His,B,14,S,LIT,1fug
1fug,0,Lys,B,165,S,LIT,1fug
1fug,0,Lys,B,245,S,LIT,1fug
1fug,0,Lys,A,265,S,LIT,1fug
1fug,0,Lys,A,269,S,LIT,1fug
1fui,0,Asp,A,361,S,LIT,1fui
1fui,0,Glu,A,337,S,LIT,1fui
1fuq,0,Glu,B,331,S,LIT,1fuq
1fuq,0,His,A,188,S,LIT,1fuq
1fuq,0,Lys,B,324,S,LIT,1fuq
1fva,0,Cys,A,218,S,LIT,1fva
1fva,0,Cys,A,227,S,LIT,1fva
1fva,0,Cys,A,72,S,LIT,1fva
1fva,0,Glu,A,115,S,LIT,1fva
1fva,0,Tyr,A,103,S,LIT,1fva
1fva,0,Tyr,A,155,S,LIT,1fva
1fwk,0,Thr,D,183,S,LIT,1fwk
1fy2,0,Ala,A,121,N,LIT,1fy2
1fy2,0,Glu,A,192,S,LIT,1fy2
1fy2,0,Gly,A,88,N,LIT,1fy2
1fy2,0,His,A,157,S,LIT,1fy2
1fy2,0,Ser,A,120,S,LIT,1fy2
1g0d,0,Asp,A,355,S,LIT,1g0d
1g0d,0,Cys,A,272,S,LIT,1g0d
1g0d,0,Cys,A,272,N,LIT,1g0d
1g0d,0,His,A,332,S,LIT,1g0d
1g0d,0,Tyr,A,515,S,LIT,1g0d
1g24,0,Glu,A,214,S,LIT,1g24
1g4p,0,Ala,B,1130,S,LIT,1g4p
1g64,0,Lys,A,41,S,LIT,1g64
1g64,0,Thr,A,43,S,LIT,1g64
1g6t,0,Asp,A,313,S,LIT,1g6t
1g6t,0,Glu,A,341,S,LIT,1g6t
1g6t,0,Glu,A,341,N,LIT,1g6t
1g6t,0,His,A,385,S,LIT,1g6t
1g6t,0,Lys,A,411,S,LIT,1g6t
1g72,0,Asp,A,297,S,LIT,1g72
1g72,0,Glu,A,171,S,LIT,1g72
1g79,0,Arg,A,197,S,LIT,1g79
1g8o,0,Glu,A,317,S,LIT,1g8o
1g8p,0,Arg,A,289,S,LIT,1g8p
1g99,0,Arg,A,241,S,LIT,1g99
1g99,0,Arg,A,91,S,LIT,1g99
1g99,0,Asp,A,148,S,LIT,1g99
1g99,0,Gly,A,212,N,LIT,1g99
1g99,0,Ser,A,10,S,LIT,1g99
1ga8,0,Asp,A,130,S,LIT,1ga8
1ga8,0,Asp,A,188,S,LIT,1ga8
1ga8,0,Gln,A,189,S,LIT,1ga8
1gal,0,His,A,516,S,LIT,1gal
1gcb,0,Asn,A,392,S,LIT,1gcb
1gcb,0,Cys,A,73,S,LIT,1gcb
1gcb,0,Cys,A,73,N,LIT,1gcb
1gcb,0,Gln,A,67,S,LIT,1gcb
1gcb,0,His,A,369,S,LIT,1gcb
1gcu,0,Arg,A,171,S,LIT,1gcu
1gcu,0,Glu,A,123,S,LIT,1gcu
1gcu,0,Glu,A,126,S,LIT,1gcu
1gcu,0,Glu,A,96,S,LIT,1gcu
1gcu,0,Ser,A,170,S,LIT,1gcu
1gcu,0,Tyr,A,97,S,LIT,1gcu
1gdh,0,Glu,A,269,S,LIT,1gdh
1gdh,0,His,A,287,S,LIT,1gdh
1get,0,Cys,A,42,S,LIT,1get
1get,0,Cys,A,47,S,LIT,1get
1get,0,Glu,B,444,S,LIT,1get
1get,0,His,B,439,S,LIT,1get
1gim,0,Asp,A,13,S,LIT,1gim
1gim,0,Gln,A,224,S,LIT,1gim
1gim,0,His,A,41,S,LIT,1gim
1gim,0,Lys,A,16,S,LIT,1gim
1gns,0,Asn,A,155,S,LIT,1gns
1gns,0,Asp,A,32,S,LIT,1gns
1gns,0,Cso,A,221,U,LIT,1gns
1gns,0,Cso,A,221,N,LIT,1gns
1gns,0,His,A,64,S,LIT,1gns
1gog,0,Cys,A,228,S,LIT,1gog
1gog,0,Trp,A,290,S,LIT,1gog
1gog,0,Tyr,A,272,S,LIT,1gog
1gog,0,Tyr,A,495,S,LIT,1gog
1goj,0,Gly,A,238,N,LIT,1goj
1gp1,0,Gln,A,80,S,LIT,1gp1
1gp1,0,Sec,A,45,U,LIT,1gp1
1gp1,0,Trp,A,158,S,LIT,1gp1
1gpa,0,Arg,A,569,S,LIT,1gpa
1gpa,0,Lys,A,568,S,LIT,1gpa
1gpa,0,Lys,A,574,S,LIT,1gpa
1gpa,0,Thr,A,676,N,LIT,1gpa
1gpr,0,His,A,68,S,LIT,1gpr
1gpr,0,His,A,83,S,LIT,1gpr
1gpr,0,His,A,83,C,LIT,1gpr
1gpr,0,Thr,A,66,S,LIT,1gpr
1gq8,0,Asp,A,136,S,LIT,1gq8
1gq8,0,Asp,A,157,S,LIT,1gq8
1gq8,0,Gln,A,113,S,LIT,1gq8
1gq8,0,Gln,A,135,S,LIT,1gq8
1gqg,0,Glu,A,73,S,LIT,1gqg
1grc,0,Asn,A,106,S,LIT,1grc
1grc,0,Asp,A,144,S,LIT,1grc
1grc,0,His,A,108,S,LIT,1grc
1gsa,0,Arg,A,210,S,LIT,1gsa
1gsa,0,Arg,A,225,S,LIT,1gsa
1gsa,0,Lys,A,160,S,LIT,1gsa
1gt7,0,Glu,A,117,S,LIT,1gt7
1gt7,0,Glu,A,171,S,LIT,1gt7
1gtp,0,His,A,112,S,LIT,1gtp
1gtp,0,His,A,179,S,LIT,1gtp
1guf,0,Tyr,A,79,S,LIT,1guf
1h19,0,Gln,A,271,S,LIT,1h19
1h19,0,Glu,A,296,S,LIT,1h19
1h19,0,Tyr,A,383,S,LIT,1h19
1h3i,0,His,A,293,S,LIT,1h3i
1h3i,0,Tyr,A,335,S,LIT,1h3i
1h4g,0,Glu,A,184,S,LIT,1h4g
1h4g,0,Glu,A,94,S,LIT,1h4g
1h54,0,Glu,A,487,S,LIT,1h54
1h7a,0,Ala,A,580,S,LIT,1h7a
1h7a,0,Asn,A,311,S,LIT,1h7a
1h7a,0,Cys,A,290,S,LIT,1h7a
1h7a,0,Cys,A,79,S,LIT,1h7a
1h7a,0,Glu,A,446,S,LIT,1h7a
1h7o,0,Lys,A,210,S,LIT,1h7o
1h7o,0,Lys,A,263,S,LIT,1h7o
1hdh,0,Arg,A,55,S,LIT,1hdh
1hdh,0,Asp,A,317,S,LIT,1hdh
1hdh,0,Ddz,A,51,U,LIT,1hdh
1hdh,0,His,A,115,S,LIT,1hdh
1hdh,0,His,A,211,S,LIT,1hdh
1hdh,0,Lys,A,113,S,LIT,1hdh
1hdh,0,Lys,A,375,S,LIT,1hdh
1hfs,0,Glu,A,202,S,LIT,1hfs
1hja,0,Asp,B,102,S,LIT,1hja
1hja,0,Gly,C,193,N,LIT,1hja
1hja,0,His,B,57,S,LIT,1hja
1hja,0,Ser,C,195,S,LIT,1hja
1hja,0,Ser,C,195,N,LIT,1hja
1hka,0,Arg,A,82,S,LIT,1hka
1hka,0,Arg,A,92,S,LIT,1hka
1hpl,0,Asp,A,176,S,LIT,1hpl
1hpl,0,His,A,263,S,LIT,1hpl
1hpl,0,Leu,A,153,N,LIT,1hpl
1hpl,0,Phe,A,77,N,LIT,1hpl
1hpm,0,Lys,A,71,S,LIT,1hpm
1hqc,0,Arg,A,205,S,LIT,1hqc
1hqc,0,Thr,A,146,S,LIT,1hqc
1hr6,0,Glu,B,73,S,LIT,1hr6
1hr7,0,Gln,B,73,S,LIT,1hr7
1hrd,0,Asp,A,165,S,LIT,1hrd
1hrd,0,Lys,A,125,S,LIT,1hrd
1hrk,0,Arg,A,164,S,LIT,1hrk
1hrk,0,Asp,A,340,S,LIT,1hrk
1hrk,0,Glu,A,343,S,LIT,1hrk
1hrk,0,Glu,A,347,S,LIT,1hrk
1hrk,0,His,A,263,S,LIT,1hrk
1hrk,0,Tyr,A,165,S,LIT,1hrk
1hti,0,Asn,A,11,S,LIT,1hti
1hti,0,Glu,A,165,S,LIT,1hti
1hti,0,His,A,95,S,LIT,1hti
1hti,0,Lys,A,13,S,LIT,1hti
1hto,0,Arg,A,339,S,LIT,1hto
1hto,0,Asp,A,50,S,LIT,1hto
1hto,0,Glu,A,327,S,LIT,1hto
1hy3,0,His,A,107,S,LIT,1hy3
1hy3,0,Lys,A,47,S,LIT,1hy3
1hy3,0,Ser,A,137,S,LIT,1hy3
1i19,0,Arg,A,477,S,LIT,1i19
1i19,0,Glu,A,311,S,LIT,1i19
1i19,0,Glu,A,475,S,LIT,1i19
1i1e,0,Arg,A,369,S,LIT,1i1e
1i1e,0,Glu,A,267,S,LIT,1i1e
1i1e,0,Tyr,A,372,S,LIT,1i1e
1i1i,0,Glu,P,503,S,LIT,1i1i
1i1i,0,Tyr,P,613,S,LIT,1i1i
1i6p,0,Arg,A,46,S,LIT,1i6p
1i6p,0,Asp,A,44,S,LIT,1i6p
1i78,0,Ala,A,99,S,LIT,1i78
1i78,0,Asp,A,210,S,LIT,1i78
1i78,0,Asp,A,83,N,LIT,1i78
1i78,0,Asp,A,85,N,LIT,1i78
1i78,0,His,A,212,S,LIT,1i78
1i7q,0,Cys,B,85,S,LIT,1i7q
1i7q,0,Glu,B,174,S,LIT,1i7q
1i7q,0,His,B,172,S,LIT,1i7q
1i7q,0,His,A,398,S,LIT,1i7q
1i9a,0,Cys,A,67,S,LIT,1i9a
1i9a,0,Glu,A,116,S,LIT,1i9a
1i9a,0,Glu,A,87,S,LIT,1i9a
1i9a,0,Trp,A,161,S,LIT,1i9a
1idj,0,Arg,A,176,S,LIT,1idj
1idj,0,Arg,A,236,S,LIT,1idj
1idj,0,Asp,A,154,S,LIT,1idj
1idj,0,Lys,A,239,S,LIT,1idj
1iec,0,Ala,A,157,S,LIT,1iec
1iec,0,Arg,A,165,N,LIT,1iec
1iec,0,Arg,A,166,S,LIT,1iec
1iec,0,His,A,63,S,LIT,1iec
1iec,0,Seb,A,132,U,LIT,1iec
1iec,0,Ser,A,134,S,LIT,1iec
1ig8,0,Arg,A,173,S,LIT,1ig8
1ig8,0,Asp,A,211,S,LIT,1ig8
1ig8,0,Ser,A,158,S,LIT,1ig8
1ima,0,Glu,A,70,S,LIT,1ima
1ima,0,Thr,A,95,S,LIT,1ima
1iph,0,Asn,A,201,S,LIT,1iph
1iph,0,His,A,128,S,LIT,1iph
1iph,0,His,A,392,S,LIT,1iph
1ir3,0,Arg,A,1136,S,LIT,1ir3
1ir3,0,Asp,A,1132,S,LIT,1ir3
1it4,0,Asp,A,85,S,LIT,1it4
1it4,0,His,A,64,S,LIT,1it4
1itq,0,Asp,A,288,S,LIT,1itq
1itq,0,His,A,152,S,LIT,1itq
1iu4,0,Asp,A,255,S,LIT,1iu4
1iu4,0,Cys,A,64,S,LIT,1iu4
1iu4,0,Cys,A,64,N,LIT,1iu4
1iu4,0,His,A,274,S,LIT,1iu4
1iu4,0,Lys,A,269,S,LIT,1iu4
1iu4,0,Trp,A,272,S,LIT,1iu4
1ivh,0,Glu,A,254,S,LIT,1ivh
1iyd,0,Lys,A,159,S,LIT,1iyd
1j00,0,Asn,A,73,S,LIT,1j00
1j00,0,Asp,A,154,S,LIT,1j00
1j00,0,Gly,A,44,N,LIT,1j00
1j00,0,His,A,157,S,LIT,1j00
1j00,0,Sdp,A,10,U,LIT,1j00
1j09,0,Lys,A,246,S,LIT,1j09
1j2u,0,Glu,A,122,S,LIT,1j2u
1j2u,0,His,A,178,S,LIT,1j2u
1j49,0,Arg,A,236,S,LIT,1j49
1j49,0,Asp,A,260,S,LIT,1j49
1j49,0,Glu,A,265,S,LIT,1j49
1j49,0,His,A,297,S,LIT,1j49
1j53,0,Glu,A,14,S,LIT,1j53
1j53,0,Glu,A,61,S,LIT,1j53
1j53,0,His,A,162,S,LIT,1j53
1j70,0,Arg,A,197,S,LIT,1j70
1j70,0,His,A,201,S,LIT,1j70
1j70,0,His,A,204,S,LIT,1j70
1j79,0,Asp,A,250,S,LIT,1j79
1j7g,0,Gln,A,78,S,LIT,1j7g
1j7g,0,Phe,A,79,N,LIT,1j7g
1j7g,0,Thr,A,80,S,LIT,1j7g
1j7g,0,Thr,A,80,N,LIT,1j7g
1jch,0,Arg,A,545,S,LIT,1jch
1jch,0,Asp,A,510,S,LIT,1jch
1jch,0,Glu,A,517,S,LIT,1jch
1jch,0,His,A,513,S,LIT,1jch
1jen,0,Cys,A,82,S,LIT,1jen
1jen,0,Pyr,A,68,U,LIT,1jen
1jfl,0,Cys,A,194,S,LIT,1jfl
1jfl,0,Cys,A,82,S,LIT,1jfl
1jh6,0,His,A,119,S,LIT,1jh6
1jh6,0,His,A,42,S,LIT,1jh6
1jh6,0,Met,A,117,C,LIT,1jh6
1jh6,0,Ser,A,121,S,LIT,1jh6
1jh6,0,Tyr,A,124,S,LIT,1jh6
1jhf,0,Asp,A,127,S,LIT,1jhf
1jhf,0,Glu,A,152,S,LIT,1jhf
1jhf,0,Lys,A,156,S,LIT,1jhf
1jhf,0,Met,A,118,N,LIT,1jhf
1jhf,0,Ser,A,119,S,LIT,1jhf
1jhf,0,Ser,A,119,N,LIT,1jhf
1jkm,0,Asp,A,308,S,LIT,1jkm
1jkm,0,His,A,338,S,LIT,1jkm
1jkm,0,Ser,A,202,S,LIT,1jkm
1jm6,0,Glu,A,1243,S,LIT,1jm6
1jm6,0,His,A,1239,S,LIT,1jm6
1jms,0,Asp,A,434,S,LIT,1jms
1jnr,0,Arg,A,265,S,LIT,1jnr
1jnr,0,Asn,A,74,S,LIT,1jnr
1jnr,0,Asp,A,361,S,LIT,1jnr
1jnr,0,Glu,A,141,S,LIT,1jnr
1jnr,0,His,A,398,S,LIT,1jnr
1jnr,0,Ser,A,449,S,LIT,1jnr
1jnr,0,Ser,A,449,N,LIT,1jnr
1jnr,0,Trp,A,234,S,LIT,1jnr
1jnr,0,Trp,B,48,S,LIT,1jnr
1jof,0,Arg,A,196,S,LIT,1jof
1jof,0,Arg,A,274,S,LIT,1jof
1jof,0,Glu,A,212,S,LIT,1jof
1jof,0,His,A,148,S,LIT,1jof
1js4,0,Asp,A,55,S,LIT,1js4
1js4,0,Asp,A,58,S,LIT,1js4
1js4,0,Glu,A,424,S,LIT,1js4
1jxa,0,Arg,A,26,C,LIT,1jxa
1jxa,0,Asn,A,98,S,LIT,1jxa
1jxa,0,Cys,A,1,S,LIT,1jxa
1jxa,0,Cys,A,1,N,LIT,1jxa
1jxa,0,Glu,A,488,S,LIT,1jxa
1jxa,0,Gly,A,99,N,LIT,1jxa
1jxa,0,His,B,504,S,LIT,1jxa
1jxa,0,Lys,A,485,S,LIT,1jxa
1jxa,0,Lys,A,603,S,LIT,1jxa
1jxa,0,Trp,A,74,N,LIT,1jxa
1jxh,0,Gly,A,210,N,LIT,1jxh
1jxh,0,Lys,A,176,S,LIT,1jxh
1k0w,0,Asn,A,120,S,LIT,1k0w
1k30,0,Asp,A,144,S,LIT,1k30
1k30,0,His,A,139,S,LIT,1k30
1k32,0,Asp,A,966,N,LIT,1k32
1k32,0,Gly,A,918,N,LIT,1k32
1k32,0,His,A,746,S,LIT,1k32
1k32,0,Ser,A,965,S,LIT,1k32
1k4l,0,Asp,A,41,S,LIT,1k4l
1k4l,0,Asp,A,99,S,LIT,1k4l
1k4l,0,Cys,A,66,S,LIT,1k4l
1k4l,0,Glu,A,174,S,LIT,1k4l
1k4l,0,His,A,136,S,LIT,1k4l
1k4l,0,Tyr,A,94,S,LIT,1k4l
1k4t,0,Arg,A,488,S,LIT,1k4t
1k4t,0,Arg,A,590,S,LIT,1k4t
1k4t,0,His,A,632,S,LIT,1k4t
1k4t,0,Lys,A,532,S,LIT,1k4t
1k4t,0,Tyr,A,723,S,LIT,1k4t
1k82,0,Arg,A,258,S,LIT,1k82
1k82,0,Glu,A,2,S,LIT,1k82
1k82,0,Lys,A,56,S,LIT,1k82
1k82,0,Pro,A,1,S,LIT,1k82
1kae,0,Glu,A,326,S,LIT,1kae
1kae,0,His,A,327,S,LIT,1kae
1kas,0,Cys,A,163,S,LIT,1kas
1kas,0,Cys,A,163,N,LIT,1kas
1kas,0,Glu,A,314,S,LIT,1kas
1kas,0,His,A,303,S,LIT,1kas
1kas,0,His,A,340,S,LIT,1kas
1kas,0,Lys,A,335,S,LIT,1kas
1kas,0,Phe,A,400,N,LIT,1kas
1kaz,0,Glu,A,71,S,LIT,1kaz
1kc7,0,Arg,A,337,S,LIT,1kc7
1kc7,0,Cys,A,831,S,LIT,1kc7
1kc7,0,Gly,A,101,N,LIT,1kc7
1kc7,0,His,A,455,S,LIT,1kc7
1kc7,0,Lys,A,22,S,LIT,1kc7
1kc7,0,Met,A,103,S,LIT,1kc7
1kc7,0,Ser,A,764,S,LIT,1kc7
1kc7,0,Tyr,A,851,S,LIT,1kc7
1kcz,0,His,A,194,S,LIT,1kcz
1kcz,0,Lys,A,331,S,LIT,1kcz
1kdg,0,Asn,A,732,S,LIT,1kdg
1kdg,0,His,A,689,S,LIT,1kdg
1kez,0,Ala,A,143,N,LIT,1kez
1kez,0,Asp,A,169,S,LIT,1kez
1kez,0,His,A,259,S,LIT,1kez
1kez,0,Ser,A,142,S,LIT,1kez
1kfu,0,Asn,L,286,S,LIT,1kfu
1kfu,0,Cys,L,105,S,LIT,1kfu
1kfu,0,Cys,L,105,N,LIT,1kfu
1kfu,0,Gln,L,99,S,LIT,1kfu
1kfu,0,His,L,262,S,LIT,1kfu
1kfu,0,Trp,L,288,S,LIT,1kfu
1kim,0,Arg,A,163,S,LIT,1kim
1kim,0,Arg,A,220,S,LIT,1kim
1kim,0,Arg,A,222,S,LIT,1kim
1kim,0,Glu,A,225,S,LIT,1kim
1kim,0,Glu,A,83,S,LIT,1kim
1kim,0,Lys,A,62,S,LIT,1kim
1kl7,0,Lys,A,124,S,LIT,1kl7
1knp,0,Arg,A,290,S,LIT,1knp
1knp,0,His,A,351,S,LIT,1knp
1knp,0,Leu,A,386,S,LIT,1knp
1kny,0,Glu,A,145,S,LIT,1kny
1kny,0,Lys,A,149,S,LIT,1kny
1kp2,0,Arg,A,106,S,LIT,1kp2
1kp2,0,Asp,A,135,S,LIT,1kp2
1kra,0,Arg,C,336,S,LIT,1kra
1kra,0,Asp,C,221,S,LIT,1kra
1kra,0,His,C,219,S,LIT,1kra
1kra,0,His,C,320,S,LIT,1kra
1ksj,0,Gln,A,70,S,LIT,1ksj
1kws,0,Glu,A,281,S,LIT,1kws
1kyq,0,Asp,A,141,S,LIT,1kyq
1kyw,0,His,A,269,S,LIT,1kyw
1kzh,0,Arg,A,146,S,LIT,1kzh
1kzh,0,Asp,A,206,S,LIT,1kzh
1kzh,0,Gly,A,82,N,LIT,1kzh
1kzh,0,Lys,A,203,S,LIT,1kzh
1kzh,0,Thr,A,204,S,LIT,1kzh
1kzl,0,Cys,A,48,S,LIT,1kzl
1kzl,0,His,A,102,S,LIT,1kzl
1kzl,0,Ser,A,41,S,LIT,1kzl
1kzl,0,Thr,A,148,S,LIT,1kzl
1kzl,0,Thr,A,50,S,LIT,1kzl
1l0o,0,Arg,A,105,S,LIT,1l0o
1l0o,0,Glu,A,46,S,LIT,1l0o
1l1d,0,Arg,A,493,S,LIT,1l1d
1l1d,0,Asp,A,484,S,LIT,1l1d
1l1d,0,Cys,A,440,S,LIT,1l1d
1l1d,0,Cys,A,495,S,LIT,1l1d
1l1d,0,His,A,480,S,LIT,1l1d
1l1l,0,Cys,A,119,S,LIT,1l1l
1l1l,0,Cys,A,408,S,LIT,1l1l
1l1l,0,Cys,A,419,S,LIT,1l1l
1l1l,0,Glu,A,410,S,LIT,1l1l
1l1r,0,Arg,A,63,S,LIT,1l1r
1l1r,0,Glu,A,100,S,LIT,1l1r
1l6p,0,Asp,A,68,S,LIT,1l6p
1l6p,0,Cys,A,103,S,LIT,1l6p
1l6p,0,Cys,A,109,S,LIT,1l6p
1l6p,0,Phe,A,70,S,LIT,1l6p
1l6p,0,Tyr,A,42,S,LIT,1l6p
1l6p,0,Tyr,A,71,S,LIT,1l6p
1l7d,0,Arg,A,127,S,LIT,1l7d
1l7d,0,Asp,A,135,S,LIT,1l7d
1l7d,0,Gln,A,132,S,LIT,1l7d
1l7d,0,Ser,A,138,S,LIT,1l7d
1l7n,0,Asp,A,11,S,LIT,1l7n
1l7n,0,Asp,A,13,S,LIT,1l7n
1l7n,0,Asp,A,13,N,LIT,1l7n
1l7n,0,Asp,A,171,S,LIT,1l7n
1l7n,0,Gly,A,100,N,LIT,1l7n
1l7n,0,Lys,A,144,S,LIT,1l7n
1l7n,0,Phe,A,12,N,LIT,1l7n
1l7q,0,Ala,A,117,S,LIT,1l7q
1l7q,0,Asp,A,259,S,LIT,1l7q
1l7q,0,His,A,287,S,LIT,1l7q
1l7q,0,Trp,A,166,S,LIT,1l7q
1l7q,0,Tyr,A,118,N,LIT,1l7q
1l7q,0,Tyr,A,44,S,LIT,1l7q
1l8t,0,Asp,A,190,S,LIT,1l8t
1l8t,0,Lys,A,44,S,LIT,1l8t
1lam,0,Arg,A,336,S,LIT,1lam
1lam,0,Lys,A,262,S,LIT,1lam
1lba,0,Lys,A,128,S,LIT,1lba
1lba,0,Tyr,A,46,S,LIT,1lba
1lbu,0,Asp,A,194,S,LIT,1lbu
1lbu,0,His,A,192,S,LIT,1lbu
1lbu,0,His,A,195,S,LIT,1lbu
1lbu,0,Tyr,A,189,S,LIT,1lbu
1lci,0,Arg,A,218,S,LIT,1lci
1lci,0,His,A,245,S,LIT,1lci
1lci,0,Lys,A,529,S,LIT,1lci
1lci,0,Thr,A,343,S,LIT,1lci
1lij,0,Arg,A,136,S,LIT,1lij
1lij,0,Asp,A,318,S,LIT,1lij
1lio,0,Arg,A,136,S,LIT,1lio
1lio,0,Asp,A,318,S,LIT,1lio
1lj1,0,Ala,A,402,S,LIT,1lj1
1lml,0,Glu,A,265,S,LIT,1lml
1lnh,0,Asn,A,713,S,LIT,1lnh
1ltq,0,Arg,A,126,S,LIT,1ltq
1ltq,0,Asp,A,165,S,LIT,1ltq
1ltq,0,Asp,A,35,S,LIT,1ltq
1ltq,0,Lys,A,15,S,LIT,1ltq
1luc,0,His,A,44,S,LIT,1luc
1luc,0,His,A,45,S,LIT,1luc
1lvh,0,Lys,A,145,S,LIT,1lvh
1lvh,0,Phd,A,8,U,LIT,1lvh
1lvh,0,Ser,A,114,S,LIT,1lvh
1lws,0,Lys,A,403,S,LIT,1lws
1lxa,0,Asp,A,126,S,LIT,1lxa
1lxa,0,Gly,A,143,N,LIT,1lxa
1lxa,0,His,A,125,S,LIT,1lxa
1lya,0,Asp,B,231,S,LIT,1lya
1lya,0,Asp,A,33,S,LIT,1lya
1lz1,0,Asp,A,53,S,LIT,1lz1
1lz1,0,Glu,A,35,S,LIT,1lz1
1m21,0,Lys,A,123,S,LIT,1m21
1m21,0,Ser,A,202,S,LIT,1m21
1m21,0,Ser,A,226,S,LIT,1m21
1m6k,0,Ser,A,67,S,LIT,1m6k
1m6k,0,Ser,A,67,N,LIT,1m6k
1m9c,0,Arg,A,55,S,LIT,1m9c
1m9c,0,Asn,A,102,S,LIT,1m9c
1m9c,0,Gln,A,63,S,LIT,1m9c
1m9c,0,Leu,A,122,S,LIT,1m9c
1m9c,0,Phe,A,113,S,LIT,1m9c
1m9c,0,Phe,A,60,S,LIT,1m9c
1mas,0,Asn,A,168,S,LIT,1mas
1mas,0,Asp,A,10,S,LIT,1mas
1mas,0,His,A,241,S,LIT,1mas
1mbb,0,Arg,A,159,S,LIT,1mbb
1mbb,0,Glu,A,325,S,LIT,1mbb
1mbb,0,Ser,A,229,S,LIT,1mbb
1mdr,0,Asp,A,270,S,LIT,1mdr
1mdr,0,Glu,A,317,S,LIT,1mdr
1mdr,0,His,A,297,S,LIT,1mdr
1mdr,0,Lys,A,166,S,LIT,1mdr
1mek,0,Cys,A,36,S,LIT,1mek
1mek,0,Cys,A,39,S,LIT,1mek
1mek,0,Gly,A,37,S,LIT,1mek
1mek,0,His,A,38,S,LIT,1mek
1mhl,0,Arg,C,239,S,LIT,1mhl
1mhl,0,His,A,95,S,LIT,1mhl
1mht,0,Cys,A,81,S,LIT,1mht
1mhy,0,Cys,D,151,S,LIT,1mhy
1mhy,0,Thr,D,213,S,LIT,1mhy
1mj9,0,Glu,A,338,S,LIT,1mj9
1mj9,0,Ser,A,304,S,LIT,1mj9
1mka,0,Asp,A,84,S,LIT,1mka
1mka,0,Cys,A,80,N,LIT,1mka
1mka,0,Gly,A,79,N,LIT,1mka
1mka,0,His,A,70,S,LIT,1mka
1mka,0,Val,A,76,C,LIT,1mka
1mla,0,Gln,A,250,S,LIT,1mla
1mla,0,His,A,201,S,LIT,1mla
1mla,0,Ser,A,92,S,LIT,1mla
1mlv,0,Tyr,A,287,S,LIT,1mlv
1moq,0,Glu,A,481,S,LIT,1moq
1moq,0,Glu,A,488,S,LIT,1moq
1moq,0,Lys,A,485,S,LIT,1moq
1moq,0,Lys,A,603,S,LIT,1moq
1mpx,0,Asp,A,307,S,LIT,1mpx
1mpx,0,His,A,340,S,LIT,1mpx
1mpx,0,Ser,A,174,S,LIT,1mpx
1mpx,0,Tyr,A,175,N,LIT,1mpx
1mpx,0,Tyr,A,82,S,LIT,1mpx
1mpy,0,His,A,199,S,LIT,1mpy
1mpy,0,His,A,246,S,LIT,1mpy
1mpy,0,Tyr,A,255,S,LIT,1mpy
1mqw,0,Arg,A,64,S,LIT,1mqw
1mqw,0,Glu,A,142,S,LIT,1mqw
1mro,0,Asp,A,501,S,LIT,1mro
1mro,0,Gly,A,465,S,LIT,1mro
1mro,0,Tyr,B,367,S,LIT,1mro
1mrq,0,Asp,A,50,S,LIT,1mrq
1mrq,0,His,A,117,S,LIT,1mrq
1mrq,0,Lys,A,84,S,LIT,1mrq
1mrq,0,Tyr,A,55,S,LIT,1mrq
1mt1,0,Glu,B,109,S,LIT,1mt1
1muc,0,Glu,A,327,S,LIT,1muc
1muc,0,Lys,A,167,S,LIT,1muc
1muc,0,Lys,A,169,S,LIT,1muc
1mud,0,Asn,A,138,S,LIT,1mud
1mud,0,Glu,A,37,S,LIT,1mud
1mug,0,Asn,A,18,S,LIT,1mug
1mvn,0,His,A,90,S,LIT,1mvn
1mvn,0,Ser,A,175,S,LIT,1mvn
1n20,0,Phe,A,578,S,LIT,1n20
1n20,0,Trp,A,323,S,LIT,1n20
1n29,0,Asp,A,91,S,LIT,1n29
1n29,0,Gly,A,29,N,LIT,1n29
1n29,0,His,A,47,S,LIT,1n29
1nba,0,Ala,A,172,N,LIT,1nba
1nba,0,Asp,A,51,S,LIT,1nba
1nba,0,Cys,A,177,S,LIT,1nba
1nba,0,Lys,A,144,S,LIT,1nba
1nba,0,Thr,A,173,N,LIT,1nba
1nbf,0,Asn,A,218,S,LIT,1nbf
1nbf,0,Asp,A,481,S,LIT,1nbf
1nbf,0,Cys,A,223,S,LIT,1nbf
1nbf,0,Cys,A,223,N,LIT,1nbf
1nbf,0,His,A,464,S,LIT,1nbf
1ndh,0,Tyr,A,65,S,LIT,1ndh
1ndo,0,Asp,A,205,S,LIT,1ndo
1ndo,0,His,C,104,S,LIT,1ndo
1ndo,0,His,A,208,S,LIT,1ndo
1nf9,0,Asp,A,38,S,LIT,1nf9
1ni4,0,Glu,B,59,S,LIT,1ni4
1ni4,0,His,B,128,S,LIT,1ni4
1ni4,0,His,C,263,S,LIT,1ni4
1nir,0,His,A,327,S,LIT,1nir
1nir,0,His,A,369,S,LIT,1nir
1nkk,0,Arg,A,165,N,LIT,1nkk
1nkk,0,His,A,157,S,LIT,1nkk
1nkk,0,His,A,63,S,LIT,1nkk
1nkk,0,Ser,A,132,S,LIT,1nkk
1nln,0,Cys,A,122,S,LIT,1nln
1nln,0,Gln,A,115,S,LIT,1nln
1nln,0,Glu,A,71,S,LIT,1nln
1nln,0,His,A,54,S,LIT,1nln
1nlu,0,Asp,A,170,S,LIT,1nlu
1nlu,0,Asp,A,84,S,LIT,1nlu
1nlu,0,Glu,A,80,S,LIT,1nlu
1nlu,0,Ser,A,287,S,LIT,1nlu
1nml,0,Glu,A,114,S,LIT,1nml
1nmw,0,Cys,A,113,S,LIT,1nmw
1nmw,0,His,A,157,S,LIT,1nmw
1nmw,0,His,A,59,S,LIT,1nmw
1nn4,0,Arg,A,137,S,LIT,1nn4
1nn4,0,Asp,A,9,S,LIT,1nn4
1nn4,0,Cys,A,66,S,LIT,1nn4
1nn4,0,His,A,10,S,LIT,1nn4
1nsf,0,Lys,A,549,S,LIT,1nsf
1nsf,0,Lys,A,631,S,LIT,1nsf
1nsf,0,Lys,A,708,S,LIT,1nsf
1nsj,0,Asp,A,126,S,LIT,1nsj
1nsj,0,Cys,A,7,S,LIT,1nsj
1nsp,0,Asn,A,119,S,LIT,1nsp
1nsp,0,Hip,A,122,U,LIT,1nsp
1nsp,0,Lys,A,16,S,LIT,1nsp
1nu3,0,Arg,A,99,S,LIT,1nu3
1nu3,0,Asp,A,101,S,LIT,1nu3
1nu3,0,Asp,A,132,S,LIT,1nu3
1nvm,0,His,A,21,S,LIT,1nvm
1nvm,0,Tyr,A,291,S,LIT,1nvm
1nvt,0,Asp,A,102,S,LIT,1nvt
1nw9,0,Arg,B,178,C,LIT,1nw9
1nw9,0,Cys,B,287,S,LIT,1nw9
1nw9,0,Cys,B,287,N,LIT,1nw9
1nw9,0,Gly,B,238,N,LIT,1nw9
1nw9,0,His,B,237,S,LIT,1nw9
1nww,0,Arg,A,99,S,LIT,1nww
1nww,0,Asn,A,55,C,LIT,1nww
1nww,0,Asp,A,101,S,LIT,1nww
1nww,0,Asp,A,132,S,LIT,1nww
1nww,0,Tyr,A,53,S,LIT,1nww
1nzy,0,Asp,A,145,S,LIT,1nzy
1nzy,0,Gly,A,114,N,LIT,1nzy
1nzy,0,His,A,90,S,LIT,1nzy
1nzy,0,Phe,A,64,N,LIT,1nzy
1nzy,0,Trp,A,137,S,LIT,1nzy
1o04,0,Glu,A,268,S,LIT,1o04
1o04,0,Glu,A,399,S,LIT,1o04
1o04,0,Lys,A,192,S,LIT,1o04
1o04,0,Ser,A,302,S,LIT,1o04
1o98,0,Arg,A,261,S,LIT,1o98
1o98,0,Asp,A,154,S,LIT,1o98
1o98,0,Ser,A,62,S,LIT,1o98
1o9i,0,Glu,A,178,S,LIT,1o9i
1oac,0,Asp,A,383,S,LIT,1oac
1oac,0,Tpq,A,466,U,LIT,1oac
1oas,0,Lys,A,41,S,LIT,1oas
1oas,0,Ser,A,272,S,LIT,1oas
1oba,0,Asp,A,10,S,LIT,1oba
1oba,0,Asp,A,182,S,LIT,1oba
1oba,0,Asp,A,92,S,LIT,1oba
1oba,0,Glu,A,94,S,LIT,1oba
1odt,0,Ala,C,181,S,LIT,1odt
1odt,0,Asp,C,269,S,LIT,1odt
1odt,0,Gln,C,182,N,LIT,1odt
1odt,0,His,C,298,S,LIT,1odt
1oe8,0,Tyr,A,10,S,LIT,1oe8
1ofg,0,Lys,A,129,S,LIT,1ofg
1ofg,0,Tyr,A,217,S,LIT,1ofg
1og1,0,Arg,A,184,S,LIT,1og1
1og1,0,Glu,A,159,S,LIT,1og1
1og1,0,Glu,A,189,S,LIT,1og1
1og1,0,Ser,A,147,S,LIT,1og1
1ogo,0,Asp,X,376,S,LIT,1ogo
1ogo,0,Asp,X,395,S,LIT,1ogo
1oh9,0,Gly,A,11,N,LIT,1oh9
1oh9,0,Gly,A,45,N,LIT,1oh9
1oh9,0,Lys,A,217,S,LIT,1oh9
1oh9,0,Lys,A,8,S,LIT,1oh9
1ohh,0,Arg,D,356,S,LIT,1ohh
1ohv,0,Asp,A,298,S,LIT,1ohv
1ohv,0,Lys,A,329,S,LIT,1ohv
1ohv,0,Phe,A,189,S,LIT,1ohv
1oj4,0,Asp,A,141,S,LIT,1oj4
1oj4,0,Lys,A,10,S,LIT,1oj4
1ok4,0,Asp,A,24,S,LIT,1ok4
1ok4,0,Lys,A,177,S,LIT,1ok4
1ok4,0,Tyr,A,146,S,LIT,1ok4
1okg,0,Asp,A,61,S,LIT,1okg
1okg,0,Css,A,253,U,LIT,1okg
1okg,0,His,A,75,S,LIT,1okg
1okg,0,Ser,A,255,S,LIT,1okg
1onr,0,Asp,A,17,S,LIT,1onr
1onr,0,Glu,A,96,S,LIT,1onr
1onr,0,Lys,A,132,S,LIT,1onr
1opm,0,Gln,A,170,S,LIT,1opm
1opm,0,His,A,108,S,LIT,1opm
1opm,0,His,A,242,S,LIT,1opm
1or8,0,Glu,A,144,S,LIT,1or8
1or8,0,Glu,A,153,S,LIT,1or8
1ord,0,Asp,A,316,S,LIT,1ord
1ord,0,His,A,223,S,LIT,1ord
1ord,0,Lys,A,355,S,LIT,1ord
1oro,0,Lys,A,103,S,LIT,1oro
1os7,0,Arg,A,270,S,LIT,1os7
1otg,0,Arg,A,41,S,LIT,1otg
1otg,0,Phe,A,35,S,LIT,1otg
1otg,0,Pro,A,2,S,LIT,1otg
1oxa,0,Glu,A,360,S,LIT,1oxa
1oxa,0,Ser,A,246,S,LIT,1oxa
1oya,0,Asn,A,194,S,LIT,1oya
1oya,0,His,A,191,S,LIT,1oya
1oya,0,Tyr,A,196,S,LIT,1oya
1oyg,0,Asp,A,247,S,LIT,1oyg
1oyg,0,Asp,A,86,S,LIT,1oyg
1oyg,0,Glu,A,342,S,LIT,1oyg
1p1x,0,Asp,A,102,S,LIT,1p1x
1p1x,0,Lys,A,167,S,LIT,1p1x
1p1x,0,Lys,A,201,S,LIT,1p1x
1p3d,0,Lys,A,129,S,LIT,1p3d
1p4n,0,Arg,A,211,S,LIT,1p4n
1p4n,0,Asp,A,108,S,LIT,1p4n
1p4n,0,Glu,A,319,S,LIT,1p4n
1p4n,0,Lys,A,36,S,LIT,1p4n
1p4r,0,Asn,A,431,S,LIT,1p4r
1p4r,0,His,A,267,S,LIT,1p4r
1p4r,0,His,A,592,S,LIT,1p4r
1p4r,0,Lys,A,266,S,LIT,1p4r
1p5d,0,Arg,X,20,S,LIT,1p5d
1p5d,0,Arg,X,247,S,LIT,1p5d
1p5d,0,His,X,109,S,LIT,1p5d
1p5d,0,His,X,329,S,LIT,1p5d
1p5d,0,Lys,X,118,S,LIT,1p5d
1p5d,0,Sep,X,108,U,LIT,1p5d
1p7m,0,Glu,A,38,S,LIT,1p7m
1p7m,0,Trp,A,46,S,LIT,1p7m
1p7m,0,Tyr,A,16,S,LIT,1p7m
1pad,0,Asn,A,175,S,LIT,1pad
1pad,0,Cys,A,25,S,LIT,1pad
1pad,0,His,A,159,S,LIT,1pad
1peg,0,Tyr,A,178,S,LIT,1peg
1peg,0,Tyr,A,283,S,LIT,1peg
1pfk,0,Arg,A,171,S,LIT,1pfk
1pfk,0,Arg,A,72,S,LIT,1pfk
1pfk,0,Asp,A,127,S,LIT,1pfk
1pfk,0,Gly,A,11,N,LIT,1pfk
1pfk,0,Thr,A,125,S,LIT,1pfk
1pfq,0,Asp,A,708,S,LIT,1pfq
1pfq,0,His,A,740,S,LIT,1pfq
1pfq,0,Ser,A,630,S,LIT,1pfq
1pgs,0,Asp,A,60,S,LIT,1pgs
1pgs,0,Glu,A,206,S,LIT,1pgs
1pii,0,Asn,A,184,S,LIT,1pii
1pii,0,Glu,A,163,S,LIT,1pii
1pii,0,Glu,A,53,S,LIT,1pii
1pii,0,Lys,A,114,S,LIT,1pii
1pii,0,Lys,A,55,S,LIT,1pii
1pii,0,Ser,A,215,S,LIT,1pii
1pix,0,Ala,A,457,N,LIT,1pix
1pix,0,Gly,A,194,N,LIT,1pix
1pix,0,Ile,A,417,N,LIT,1pix
1pix,0,Val,A,151,N,LIT,1pix
1pj5,0,Asp,A,552,S,LIT,1pj5
1pj5,0,His,A,225,S,LIT,1pj5
1pj5,0,Tyr,A,259,S,LIT,1pj5
1pja,0,Asp,A,228,S,LIT,1pja
1pja,0,Gln,A,112,N,LIT,1pja
1pja,0,His,A,283,S,LIT,1pja
1pja,0,Leu,A,45,N,LIT,1pja
1pja,0,Ser,A,111,S,LIT,1pja
1pjb,0,Asp,A,269,S,LIT,1pjb
1pjb,0,Glu,A,117,S,LIT,1pjb
1pjb,0,His,A,95,S,LIT,1pjb
1pjb,0,Lys,A,74,S,LIT,1pjb
1pjh,0,Ala,A,70,N,LIT,1pjh
1pjh,0,Glu,A,158,S,LIT,1pjh
1pjh,0,Leu,A,126,N,LIT,1pjh
1pkn,0,Arg,A,119,S,LIT,1pkn
1pkn,0,Arg,A,72,S,LIT,1pkn
1pkn,0,Glu,A,363,S,LIT,1pkn
1pkn,0,Lys,A,269,S,LIT,1pkn
1pkn,0,Ser,A,361,S,LIT,1pkn
1pkn,0,Thr,A,327,S,LIT,1pkn
1pma,0,Gly,B,47,N,LIT,1pma
1pma,0,Lys,B,33,S,LIT,1pma
1pma,0,Ser,B,129,S,LIT,1pma
1pma,0,Ser,B,129,N,LIT,1pma
1pma,0,Thr,B,1,S,LIT,1pma
1pma,0,Thr,B,1,N,LIT,1pma
1pmi,0,Arg,A,304,S,LIT,1pmi
1pmi,0,Gln,A,111,S,LIT,1pmi
1pmi,0,Glu,A,294,S,LIT,1pmi
1pnl,0,Ala,B,69,N,LIT,1pnl
1pnl,0,Asn,B,241,S,LIT,1pnl
1pnl,0,Ser,B,1,S,LIT,1pnl
1pnt,0,Arg,A,18,S,LIT,1pnt
1pnt,0,Asp,A,129,S,LIT,1pnt
1pnt,0,Cys,A,12,S,LIT,1pnt
1pnt,0,Cys,A,17,S,LIT,1pnt
1pp4,0,Asn,A,74,N,LIT,1pp4
1pp4,0,Asp,A,192,S,LIT,1pp4
1pp4,0,Gly,A,42,N,LIT,1pp4
1pp4,0,His,A,195,S,LIT,1pp4
1pp4,0,Ser,A,9,S,LIT,1pp4
1pp4,0,Ser,A,9,N,LIT,1pp4
1ps9,0,His,A,252,S,LIT,1ps9
1ps9,0,Tyr,A,166,S,LIT,1ps9
1psd,0,Glu,A,269,S,LIT,1psd
1psd,0,His,A,292,S,LIT,1psd
1pud,0,Asp,A,102,S,LIT,1pud
1pvd,0,Asp,A,28,S,LIT,1pvd
1pvd,0,Glu,A,477,S,LIT,1pvd
1pvd,0,His,A,114,S,LIT,1pvd
1pvd,0,His,A,115,S,LIT,1pvd
1pvi,0,Lys,A,70,S,LIT,1pvi
1pwh,0,Lys,A,41,S,LIT,1pwh
1pwv,0,Glu,A,687,S,LIT,1pwv
1pwv,0,Tyr,A,728,S,LIT,1pwv
1pxv,0,Ala,A,243,S,LIT,1pxv
1pxv,0,Ala,A,243,N,LIT,1pxv
1pxv,0,Asn,A,360,S,LIT,1pxv
1pxv,0,Gln,A,237,N,LIT,1pxv
1pxv,0,His,A,340,S,LIT,1pxv
1pya,0,Glu,F,197,S,LIT,1pya
1pya,0,Phe,F,195,N,LIT,1pya
1pya,0,Ser,E,81,S,LIT,1pya
1pya,0,Tyr,A,62,S,LIT,1pya
1pyl,0,Arg,A,67,S,LIT,1pyl
1pyl,0,Glu,A,56,S,LIT,1pyl
1pyl,0,His,A,86,S,LIT,1pyl
1pym,0,Asp,A,58,S,LIT,1pym
1pym,0,Gly,A,47,N,LIT,1pym
1pym,0,Leu,A,48,N,LIT,1pym
1pym,0,Lys,A,120,S,LIT,1pym
1pz3,0,Glu,A,175,S,LIT,1pz3
1q18,0,Asp,A,100,S,LIT,1q18
1q3n,0,His,A,202,S,LIT,1q3n
1q3q,0,Asp,A,393,S,LIT,1q3q
1q3q,0,Asp,A,64,S,LIT,1q3q
1q3q,0,Thr,A,97,S,LIT,1q3q
1q3q,0,Thr,A,98,S,LIT,1q3q
1q6x,0,His,A,334,S,LIT,1q6x
1q6x,0,Pro,A,108,S,LIT,1q6x
1q6x,0,Ser,A,550,S,LIT,1q6x
1q6x,0,Tyr,A,95,S,LIT,1q6x
1q91,0,Asp,A,41,S,LIT,1q91
1q91,0,Asp,A,43,S,LIT,1q91
1qam,0,Asn,A,101,S,LIT,1qam
1qam,0,Glu,A,59,S,LIT,1qam
1qam,0,Gly,A,38,C,LIT,1qam
1qaz,0,Arg,A,239,S,LIT,1qaz
1qaz,0,Asn,A,191,S,LIT,1qaz
1qaz,0,Tyr,A,246,S,LIT,1qaz
1qba,0,Asp,A,539,S,LIT,1qba
1qba,0,Glu,A,540,S,LIT,1qba
1qcn,0,Arg,A,237,S,LIT,1qcn
1qcn,0,Gln,A,240,S,LIT,1qcn
1qcn,0,Glu,A,199,S,LIT,1qcn
1qcn,0,Glu,A,364,S,LIT,1qcn
1qcn,0,His,A,133,S,LIT,1qcn
1qcn,0,Lys,A,253,S,LIT,1qcn
1qd1,0,His,A,82,S,LIT,1qd1
1qd6,0,Gly,D,146,N,LIT,1qd6
1qd6,0,His,C,142,S,LIT,1qd6
1qd6,0,Ser,C,144,S,LIT,1qd6
1qdl,0,Cys,B,84,S,LIT,1qdl
1qdl,0,Glu,B,177,S,LIT,1qdl
1qdl,0,His,B,175,S,LIT,1qdl
1qdl,0,His,A,306,S,LIT,1qdl
1qe3,0,Glu,A,310,S,LIT,1qe3
1qe3,0,His,A,399,S,LIT,1qe3
1qe3,0,Ser,A,189,S,LIT,1qe3
1qf6,0,Arg,A,363,S,LIT,1qf6
1qfe,0,Glu,A,86,S,LIT,1qfe
1qfe,0,His,A,143,S,LIT,1qfe
1qfe,0,Lys,A,170,S,LIT,1qfe
1qfm,0,Asp,A,641,S,LIT,1qfm
1qfm,0,His,A,680,S,LIT,1qfm
1qfm,0,Ser,A,554,S,LIT,1qfm
1qfn,0,Arg,A,8,S,LIT,1qfn
1qfn,0,Gly,A,10,N,LIT,1qfn
1qfn,0,Lys,A,18,S,LIT,1qfn
1qfn,0,Tyr,A,13,S,LIT,1qfn
1qfn,0,Tyr,A,72,S,LIT,1qfn
1qgn,0,Asp,A,236,S,LIT,1qgn
1qgn,0,Lys,A,261,S,LIT,1qgn
1qgn,0,Tyr,A,163,S,LIT,1qgn
1qh5,0,Asp,A,58,S,LIT,1qh5
1qhf,0,Arg,A,59,S,LIT,1qhf
1qhf,0,Glu,A,86,S,LIT,1qhf
1qhf,0,His,A,181,S,LIT,1qhf
1qhf,0,His,A,8,S,LIT,1qhf
1qhg,0,Arg,A,610,S,LIT,1qhg
1qhg,0,Glu,A,224,S,LIT,1qhg
1qhg,0,Lys,A,37,S,LIT,1qhg
1qi9,0,His,A,411,S,LIT,1qi9
1qi9,0,His,A,418,S,LIT,1qi9
1qi9,0,His,A,486,S,LIT,1qi9
1qi9,0,Lys,A,341,S,LIT,1qi9
1qje,0,Phe,A,211,S,LIT,1qje
1qk2,0,Arg,A,174,S,LIT,1qk2
1qk2,0,Asp,A,175,S,LIT,1qk2
1qk2,0,Asp,A,221,S,LIT,1qk2
1qk2,0,Tyr,A,169,S,LIT,1qk2
1qmh,0,His,A,309,S,LIT,1qmh
1qol,0,Ala,A,51,S,LIT,1qol
1qol,0,Asp,A,163,S,LIT,1qol
1qol,0,His,A,148,S,LIT,1qol
1qpr,0,Arg,B,105,S,LIT,1qpr
1qpr,0,Asp,A,222,S,LIT,1qpr
1qpr,0,Glu,A,201,S,LIT,1qpr
1qpr,0,Lys,A,140,S,LIT,1qpr
1qrg,0,Asn,A,202,S,LIT,1qrg
1qrg,0,Gln,A,75,S,LIT,1qrg
1qrg,0,Glu,A,62,S,LIT,1qrg
1qrg,0,Glu,A,84,S,LIT,1qrg
1qrr,0,His,A,183,S,LIT,1qrr
1qrr,0,Lys,A,186,S,LIT,1qrr
1qrr,0,Thr,A,145,S,LIT,1qrr
1qrr,0,Tyr,A,182,S,LIT,1qrr
1qum,0,Glu,A,261,S,LIT,1qum
1qv0,0,His,A,175,S,LIT,1qv0
1qv0,0,His,A,22,S,LIT,1qv0
1qv0,0,Trp,A,92,S,LIT,1qv0
1qv0,0,Tyr,A,138,S,LIT,1qv0
1qv0,0,Tyr,A,190,S,LIT,1qv0
1qwn,0,Asp,A,204,S,LIT,1qwn
1qwn,0,Asp,A,341,S,LIT,1qwn
1qx3,0,Cys,A,163,S,LIT,1qx3
1qx3,0,Gly,A,122,N,LIT,1qx3
1qx3,0,His,A,121,S,LIT,1qx3
1r16,0,Glu,A,179,S,LIT,1r16
1r16,0,Glu,A,98,S,LIT,1r16
1r1j,0,Arg,A,717,S,LIT,1r1j
1r1j,0,Asp,A,650,S,LIT,1r1j
1r1j,0,Glu,A,584,S,LIT,1r1j
1r1j,0,His,A,711,S,LIT,1r1j
1r30,0,Arg,A,260,S,LIT,1r30
1r30,0,Cys,A,53,S,LIT,1r30
1r30,0,Cys,A,57,S,LIT,1r30
1r30,0,Cys,A,60,S,LIT,1r30
1r44,0,Arg,A,71,S,LIT,1r44
1r44,0,Glu,A,181,S,LIT,1r44
1r4f,0,Ala,A,260,S,LIT,1r4f
1r4f,0,Asn,A,186,S,LIT,1r4f
1r4f,0,Asp,A,10,S,LIT,1r4f
1r4f,0,Trp,A,83,S,LIT,1r4f
1r4z,0,Asp,A,133,S,LIT,1r4z
1r4z,0,His,A,156,S,LIT,1r4z
1r4z,0,Ile,A,12,N,LIT,1r4z
1r4z,0,Met,A,78,N,LIT,1r4z
1r4z,0,Ser,A,77,S,LIT,1r4z
1r51,0,Arg,,176,S,LIT,1r51
1r51,0,Gln,,228,S,LIT,1r51
1r6w,0,Arg,A,133,S,LIT,1r6w
1r6w,0,Lys,A,235,S,LIT,1r6w
1r76,0,Arg,A,307,S,LIT,1r76
1r76,0,Asn,A,172,S,LIT,1r76
1ra0,0,Gln,A,156,S,LIT,1ra0
1ra0,0,Glu,A,217,S,LIT,1ra0
1ra2,0,Asp,A,27,S,LIT,1ra2
1ra2,0,Ile,A,5,C,LIT,1ra2
1ra2,0,Ile,A,94,C,LIT,1ra2
1ra2,0,Leu,A,28,S,LIT,1ra2
1ra2,0,Leu,A,54,S,LIT,1ra2
1ra2,0,Met,A,20,S,LIT,1ra2
1ra2,0,Phe,A,31,S,LIT,1ra2
1rba,0,Asn,A,192,S,LIT,1rba
1rba,0,His,A,287,S,LIT,1rba
1rba,0,His,A,321,S,LIT,1rba
1rba,0,Lys,A,166,S,LIT,1rba
1rba,0,Lys,A,191,S,LIT,1rba
1rbl,0,Asp,A,203,S,LIT,1rbl
1rbl,0,His,A,294,S,LIT,1rbl
1rbl,0,His,A,327,S,LIT,1rbl
1rbl,0,Lys,A,175,S,LIT,1rbl
1rbl,0,Lys,A,177,S,LIT,1rbl
1rbl,0,Lys,A,201,S,LIT,1rbl
1rbn,0,His,A,119,S,LIT,1rbn
1rbn,0,His,A,12,S,LIT,1rbn
1rbn,0,Lys,A,41,S,LIT,1rbn
1rbn,0,Phe,A,120,N,LIT,1rbn
1rdd,0,His,A,124,S,LIT,1rdd
1rgq,0,Asp,A,84,S,LIT,1rgq
1rgq,0,Gly,A,140,N,LIT,1rgq
1rgq,0,His,A,60,S,LIT,1rgq
1rgq,0,Ser,A,142,S,LIT,1rgq
1rgq,0,Ser,A,142,N,LIT,1rgq
1rhc,0,Glu,A,108,S,LIT,1rhc
1rhc,0,His,A,39,S,LIT,1rhc
1rhc,0,Trp,A,43,S,LIT,1rhc
1rhs,0,Arg,A,186,S,LIT,1rhs
1rhs,0,Arg,A,248,N,LIT,1rhs
1rhs,0,Css,A,247,U,LIT,1rhs
1rhs,0,Gly,A,250,N,LIT,1rhs
1rhs,0,Lys,A,249,N,LIT,1rhs
1rhs,0,Thr,A,252,N,LIT,1rhs
1rhs,0,Val,A,251,N,LIT,1rhs
1rk2,0,Ala,A,252,N,LIT,1rk2
1rk2,0,Ala,A,253,N,LIT,1rk2
1rk2,0,Asp,A,255,S,LIT,1rk2
1rk2,0,Gly,A,254,N,LIT,1rk2
1ro7,0,Arg,A,129,S,LIT,1ro7
1ro7,0,His,A,188,S,LIT,1ro7
1ro7,0,Tyr,A,156,S,LIT,1ro7
1ro7,0,Tyr,A,162,S,LIT,1ro7
1roz,0,Glu,A,137,S,LIT,1roz
1roz,0,His,A,288,S,LIT,1roz
1roz,0,Lys,A,329,S,LIT,1roz
1rpt,0,Arg,A,11,S,LIT,1rpt
1rpt,0,Arg,A,15,S,LIT,1rpt
1rpt,0,Arg,A,79,S,LIT,1rpt
1rpt,0,Asp,A,258,S,LIT,1rpt
1rpt,0,His,A,12,S,LIT,1rpt
1rpt,0,His,A,257,S,LIT,1rpt
1rtu,0,Glu,A,62,S,LIT,1rtu
1rtu,0,His,A,101,S,LIT,1rtu
1rtu,0,His,A,41,S,LIT,1rtu
1ru4,0,Asn,A,268,S,LIT,1ru4
1ru4,0,Lys,A,273,S,LIT,1ru4
1rvv,0,His,A,88,S,LIT,1rvv
1s20,0,His,A,44,S,LIT,1s20
1s2k,0,Gln,A,53,S,LIT,1s2k
1s2k,0,Glu,A,136,S,LIT,1s2k
1s76,0,Lys,D,631,S,LIT,1s76
1s9c,0,Asp,A,193,S,LIT,1s9c
1s9c,0,Gly,A,216,N,LIT,1s9c
1s9c,0,His,A,198,S,LIT,1s9c
1s9c,0,Ile,A,213,C,LIT,1s9c
1sca,0,Asp,A,32,S,LIT,1sca
1sca,0,His,A,64,S,LIT,1sca
1sca,0,Ser,A,221,S,LIT,1sca
1ses,0,Arg,B,256,S,LIT,1ses
1ses,0,Arg,B,271,S,LIT,1ses
1ses,0,Asp,B,265,S,LIT,1ses
1ses,0,Glu,B,258,S,LIT,1ses
1ses,0,Ser,B,261,S,LIT,1ses
1sll,0,Asp,A,318,S,LIT,1sll
1sll,0,Glu,A,595,S,LIT,1sll
1sll,0,Tyr,A,713,S,LIT,1sll
1sme,0,Asp,A,214,S,LIT,1sme
1sme,0,Asp,A,34,S,LIT,1sme
1sme,0,Ser,A,37,S,LIT,1sme
1sme,0,Thr,A,217,S,LIT,1sme
1smn,0,Arg,A,87,S,LIT,1smn
1smn,0,Asn,A,119,S,LIT,1smn
1smn,0,His,A,89,S,LIT,1smn
1snn,0,Asn,A,106,S,LIT,1snn
1snn,0,Asp,A,30,S,LIT,1snn
1snn,0,Cys,A,55,S,LIT,1snn
1snn,0,Glu,A,185,S,LIT,1snn
1snn,0,Ser,A,147,S,LIT,1snn
1snn,0,Tyr,A,95,S,LIT,1snn
1snz,0,Glu,A,307,S,LIT,1snz
1snz,0,His,A,176,S,LIT,1snz
1sox,0,Arg,A,138,S,LIT,1sox
1sox,0,Tyr,A,322,S,LIT,1sox
1ssx,0,Asp,A,102,S,LIT,1ssx
1ssx,0,Gly,A,193,N,LIT,1ssx
1ssx,0,His,A,57,S,LIT,1ssx
1ssx,0,Ser,A,195,S,LIT,1ssx
1ssx,0,Ser,A,195,N,LIT,1ssx
1ssx,0,Ser,A,214,C,LIT,1ssx
1std,0,Asp,A,31,S,LIT,1std
1std,0,His,A,110,S,LIT,1std
1std,0,His,A,85,S,LIT,1std
1std,0,Tyr,A,30,S,LIT,1std
1std,0,Tyr,A,50,S,LIT,1std
1su4,0,Asp,A,351,S,LIT,1su4
1szd,0,Arg,A,45,S,LIT,1szd
1szd,0,Asn,A,116,S,LIT,1szd
1szd,0,Asp,A,118,S,LIT,1szd
1szd,0,Asp,A,43,N,LIT,1szd
1szd,0,His,A,135,S,LIT,1szd
1szd,0,Phe,A,44,S,LIT,1szd
1szd,0,Phe,A,44,N,LIT,1szd
1szd,0,Pro,A,42,C,LIT,1szd
1szj,0,Cys,G,149,S,LIT,1szj
1szj,0,His,G,176,S,LIT,1szj
1t0u,0,Arg,A,223,S,LIT,1t0u
1t0u,0,Glu,A,80,S,LIT,1t0u
1t0u,0,His,A,8,S,LIT,1t0u
1t7d,0,Lys,A,145,S,LIT,1t7d
1t7d,0,Ser,A,88,S,LIT,1t7d
1t7d,0,Ser,A,90,S,LIT,1t7d
1t7d,0,Ser,A,90,N,LIT,1t7d
1tah,0,Asp,B,263,S,LIT,1tah
1tah,0,His,B,285,S,LIT,1tah
1tah,0,Ser,B,87,S,LIT,1tah
1tde,0,Asp,A,139,S,LIT,1tde
1tde,0,Cys,A,135,S,LIT,1tde
1tde,0,Cys,A,138,S,LIT,1tde
1teh,0,His,A,47,S,LIT,1teh
1teh,0,Thr,A,48,S,LIT,1teh
1tht,0,His,A,241,S,LIT,1tht
1tht,0,Ser,A,114,S,LIT,1tht
1tht,0,Ser,A,114,N,LIT,1tht
1tlp,0,Glu,E,143,S,LIT,1tlp
1tlp,0,His,E,231,S,LIT,1tlp
1tmo,0,Ser,A,149,S,LIT,1tmo
1tox,0,Glu,A,148,S,LIT,1tox
1tph,0,Asn,1,11,S,LIT,1tph
1tph,0,Glu,1,165,S,LIT,1tph
1tph,0,Gly,1,171,N,LIT,1tph
1tph,0,His,1,95,S,LIT,1tph
1tph,0,Lys,1,13,S,LIT,1tph
1tyf,0,Asp,A,171,S,LIT,1tyf
1tyf,0,Gly,A,68,N,LIT,1tyf
1tyf,0,His,A,122,S,LIT,1tyf
1tyf,0,Met,A,98,N,LIT,1tyf
1tyf,0,Ser,A,97,S,LIT,1tyf
1tys,0,Arg,A,166,S,LIT,1tys
1tys,0,Asp,A,169,S,LIT,1tys
1tys,0,Glu,A,58,S,LIT,1tys
1tys,0,Ser,A,146,S,LIT,1tys
1tys,0,Tyr,A,94,S,LIT,1tys
1u3f,0,Arg,A,115,S,LIT,1u3f
1u5u,0,Asn,A,137,S,LIT,1u5u
1u5u,0,His,A,67,S,LIT,1u5u
1u5u,0,Thr,A,66,S,LIT,1u5u
1u5u,0,Tyr,A,193,S,LIT,1u5u
1u7u,0,Asp,A,210,S,LIT,1u7u
1u8v,0,His,A,292,S,LIT,1u8v
1uae,0,Arg,A,397,S,LIT,1uae
1uae,0,Asn,A,23,S,LIT,1uae
1uae,0,Asp,A,305,S,LIT,1uae
1uae,0,Cys,A,115,S,LIT,1uae
1uam,0,Asp,A,169,S,LIT,1uam
1uaq,0,Cys,A,91,N,LIT,1uaq
1uaq,0,Glu,A,64,S,LIT,1uaq
1uaq,0,Ser,A,89,C,LIT,1uaq
1uas,0,Asp,A,130,S,LIT,1uas
1uas,0,Asp,A,185,S,LIT,1uas
1uch,0,Asp,A,184,S,LIT,1uch
1uch,0,Cys,A,95,S,LIT,1uch
1uch,0,Gln,A,89,N,LIT,1uch
1uch,0,His,A,169,S,LIT,1uch
1uf7,0,Ala,A,171,S,LIT,1uf7
1uf7,0,Glu,A,46,S,LIT,1uf7
1uf7,0,Lys,A,126,S,LIT,1uf7
1uk7,0,Ala,A,103,S,LIT,1uk7
1uk7,0,Asp,A,224,S,LIT,1uk7
1uk7,0,His,A,252,S,LIT,1uk7
1ula,0,Asn,A,243,S,LIT,1ula
1ula,0,Glu,A,89,S,LIT,1ula
1ula,0,His,A,86,S,LIT,1ula
1un1,0,Asp,A,87,S,LIT,1un1
1un1,0,Glu,A,85,S,LIT,1un1
1un1,0,Glu,A,89,S,LIT,1un1
1uqr,0,Arg,A,107,S,LIT,1uqr
1uqr,0,Arg,A,18,S,LIT,1uqr
1uqr,0,Asn,A,11,S,LIT,1uqr
1uqr,0,Glu,A,98,S,LIT,1uqr
1uqr,0,His,A,100,S,LIT,1uqr
1uqr,0,Tyr,A,23,S,LIT,1uqr
1uqt,0,Asp,A,361,S,LIT,1uqt
1uqt,0,His,A,154,C,LIT,1uqt
1uro,0,Asp,A,86,S,LIT,1uro
1uro,0,Tyr,A,164,S,LIT,1uro
1ush,0,Arg,A,375,S,LIT,1ush
1ush,0,Arg,A,379,S,LIT,1ush
1ush,0,Arg,A,410,S,LIT,1ush
1ush,0,Asn,A,116,S,LIT,1ush
1ush,0,Asp,A,120,S,LIT,1ush
1ush,0,His,A,117,S,LIT,1ush
1v04,0,His,A,115,S,LIT,1v04
1v04,0,His,A,134,S,LIT,1v04
1v0e,0,Arg,A,596,S,LIT,1v0e
1v0e,0,Arg,A,647,S,LIT,1v0e
1v0e,0,Glu,A,581,S,LIT,1v0e
1v0y,0,Asp,A,202,S,LIT,1v0y
1v0y,0,Asp,A,473,S,LIT,1v0y
1v0y,0,His,A,170,S,LIT,1v0y
1v0y,0,His,A,448,S,LIT,1v0y
1v25,0,Lys,A,439,S,LIT,1v25
1v25,0,Trp,A,444,S,LIT,1v25
1vao,0,Arg,A,504,S,LIT,1vao
1vao,0,Asp,A,170,S,LIT,1vao
1vao,0,His,A,422,S,LIT,1vao
1vao,0,Tyr,A,108,S,LIT,1vao
1vao,0,Tyr,A,503,S,LIT,1vao
1vas,0,Arg,A,22,S,LIT,1vas
1vas,0,Arg,A,26,S,LIT,1vas
1vas,0,Gln,A,23,S,LIT,1vas
1vas,0,Thr,A,2,N,LIT,1vas
1vid,0,Glu,A,199,S,LIT,1vid
1vid,0,Lys,A,144,S,LIT,1vid
1vie,0,Gln,A,67,S,LIT,1vie
1vie,0,Ile,A,68,S,LIT,1vie
1vie,0,Lys,A,32,S,LIT,1vie
1vie,0,Tyr,A,69,S,LIT,1vie
1vlb,0,Glu,A,869,S,LIT,1vlb
1vnc,0,His,A,404,S,LIT,1vnc
1vnc,0,Lys,A,353,S,LIT,1vnc
1vom,0,Asn,A,233,S,LIT,1vom
1vom,0,Glu,A,459,S,LIT,1vom
1vom,0,Gly,A,182,N,LIT,1vom
1vom,0,Gly,A,457,N,LIT,1vom
1vom,0,Gly,A,457,C,LIT,1vom
1vq1,0,Asn,A,197,S,LIT,1vq1
1vq1,0,Phe,A,100,S,LIT,1vq1
1vq1,0,Pro,A,198,C,LIT,1vq1
1vr7,0,Cys,A,83,S,LIT,1vr7
1vr7,0,His,A,68,S,LIT,1vr7
1vr7,0,Ser,A,55,S,LIT,1vr7
1vr7,0,Ser,A,63,S,LIT,1vr7
1vzz,0,Asp,A,103,S,LIT,1vzz
1vzz,0,Asp,B,103,S,LIT,1vzz
1vzz,0,Asp,A,40,S,LIT,1vzz
1vzz,0,Tyr,A,16,S,LIT,1vzz
1w0h,0,Glu,A,136,S,LIT,1w0h
1w0h,0,His,A,293,S,LIT,1w0h
1w1o,0,Asp,A,169,S,LIT,1w1o
1w1o,0,Glu,A,288,S,LIT,1w1o
1w1o,0,His,A,105,S,LIT,1w1o
1wd8,0,Asp,A,350,S,LIT,1wd8
1wd8,0,Asp,A,473,S,LIT,1wd8
1wd8,0,Cys,A,645,S,LIT,1wd8
1wd8,0,His,A,471,S,LIT,1wd8
1wgi,0,Asp,A,117,S,LIT,1wgi
1wnw,0,Asn,A,136,S,LIT,1wnw
1wnw,0,Gly,A,140,S,LIT,1wnw
1x7d,0,Asp,A,228,S,LIT,1x7d
1x7d,0,Glu,A,56,S,LIT,1x7d
1x9h,0,Arg,A,135,S,LIT,1x9h
1x9h,0,Glu,A,203,S,LIT,1x9h
1x9h,0,His,A,219,S,LIT,1x9h
1x9h,0,Lys,A,298,S,LIT,1x9h
1x9y,0,Asn,A,360,S,LIT,1x9y
1x9y,0,Cys,A,243,S,LIT,1x9y
1x9y,0,Cys,A,243,N,LIT,1x9y
1x9y,0,Gln,A,237,S,LIT,1x9y
1x9y,0,His,A,340,S,LIT,1x9y
1xa8,0,Cys,A,56,S,LIT,1xa8
1xff,0,Asn,B,98,S,LIT,1xff
1xff,0,Cys,B,1,S,LIT,1xff
1xff,0,Cys,B,1,N,LIT,1xff
1xff,0,Gly,B,99,N,LIT,1xff
1xik,0,Tyr,A,122,S,LIT,1xik
1xny,0,Ala,B,420,N,LIT,1xny
1xny,0,Gly,A,182,N,LIT,1xny
1xny,0,Gly,A,183,N,LIT,1xny
1xny,0,Gly,B,419,N,LIT,1xny
1xrs,0,Lys,B,144,S,LIT,1xrs
1xtc,0,Arg,A,7,S,LIT,1xtc
1xtc,0,Glu,A,110,S,LIT,1xtc
1xtc,0,Glu,A,112,S,LIT,1xtc
1xtc,0,Ser,A,61,S,LIT,1xtc
1xva,0,Arg,A,175,S,LIT,1xva
1xva,0,Gly,A,137,C,LIT,1xva
1xva,0,His,A,142,S,LIT,1xva
1xva,0,Tyr,A,194,S,LIT,1xva
1xva,0,Tyr,A,21,S,LIT,1xva
1xx2,0,Glu,A,272,S,LIT,1xx2
1xx2,0,Lys,A,315,S,LIT,1xx2
1xx2,0,Lys,A,67,S,LIT,1xx2
1xx2,0,Ser,A,64,S,LIT,1xx2
1xx2,0,Tyr,A,150,S,LIT,1xx2
1xyz,0,Asp,A,756,S,LIT,1xyz
1xyz,0,Glu,A,645,S,LIT,1xyz
1xyz,0,Glu,A,754,S,LIT,1xyz
1xyz,0,His,A,723,S,LIT,1xyz
1y9m,0,Asp,A,41,S,LIT,1y9m
1y9m,0,Glu,A,241,S,LIT,1y9m
1ybq,0,Asn,A,285,S,LIT,1ybq
1ygh,0,Glu,A,173,S,LIT,1ygh
1ylu,0,Glu,A,165,N,LIT,1ylu
1ylu,0,Lys,A,14,S,LIT,1ylu
1ylu,0,Lys,A,74,S,LIT,1ylu
1yon,0,Lys,A,176,S,LIT,1yon
1ytw,0,Arg,A,409,S,LIT,1ytw
1ytw,0,Asp,A,356,S,LIT,1ytw
1ytw,0,Cys,A,403,S,LIT,1ytw
1ytw,0,Glu,A,290,S,LIT,1ytw
1ytw,0,His,A,402,S,LIT,1ytw
1ytw,0,Thr,A,410,S,LIT,1ytw
1yve,0,Glu,I,496,S,LIT,1yve
1z9h,0,Cys,A,110,S,LIT,1z9h
1z9h,0,Cys,A,113,S,LIT,1z9h
1z9h,0,Phe,A,112,N,LIT,1z9h
1z9h,0,Tyr,A,107,S,LIT,1z9h
1ze1,0,Asp,A,39,S,LIT,1ze1
1ze1,0,Tyr,A,67,S,LIT,1ze1
1zio,0,Arg,A,127,S,LIT,1zio
1zio,0,Arg,A,160,S,LIT,1zio
1zio,0,Arg,A,171,S,LIT,1zio
1zio,0,Asp,A,162,S,LIT,1zio
1zio,0,Asp,A,163,S,LIT,1zio
1zio,0,Lys,A,13,S,LIT,1zio
1znv,0,Glu,B,545,S,LIT,1znv
1zym,0,His,A,189,S,LIT,1zym
1zym,0,Thr,A,168,S,LIT,1zym
206l,0,Asp,A,20,S,LIT,206l
206l,0,Glu,A,11,S,LIT,206l
2a0n,0,Asp,A,11,S,LIT,2a0n
2a0n,0,Asp,A,130,S,LIT,2a0n
2a86,0,Arg,A,198,S,LIT,2a86
2a86,0,Arg,A,198,N,LIT,2a86
2a86,0,His,A,44,S,LIT,2a86
2a86,0,His,A,47,S,LIT,2a86
2a86,0,Lys,A,160,S,LIT,2a86
2a86,0,Met,A,40,N,LIT,2a86
2a86,0,Ser,A,196,S,LIT,2a86
2a86,0,Ser,A,197,S,LIT,2a86
2aat,0,Ala,A,258,S,LIT,2aat
2aat,0,Asp,A,223,S,LIT,2aat
2aat,0,Trp,A,142,S,LIT,2aat
2abk,0,Asp,A,138,S,LIT,2abk
2abk,0,Lys,A,120,S,LIT,2abk
2ace,0,Glu,A,327,S,LIT,2ace
2ace,0,His,A,440,S,LIT,2ace
2ace,0,Ser,A,200,S,LIT,2ace
2acy,0,Arg,A,23,S,LIT,2acy
2acy,0,Asn,A,41,S,LIT,2acy
2adm,0,Asn,A,105,S,LIT,2adm
2adm,0,Pro,A,106,N,LIT,2adm
2adm,0,Tyr,A,108,S,LIT,2adm
2ahj,0,Arg,D,56,S,LIT,2ahj
2ahj,0,Csd,C,112,U,LIT,2ahj
2ahj,0,Cso,C,114,U,LIT,2ahj
2ahj,0,Ser,C,113,S,LIT,2ahj
2ayh,0,Asp,A,107,S,LIT,2ayh
2ayh,0,Glu,A,105,S,LIT,2ayh
2ayh,0,Glu,A,109,S,LIT,2ayh
2b3i,0,His,A,85,S,LIT,2b3i
2bbk,0,Asp,L,32,S,LIT,2bbk
2bbk,0,Asp,L,76,S,LIT,2bbk
2bbk,0,Thr,L,122,S,LIT,2bbk
2bbk,0,Trp,L,108,S,LIT,2bbk
2bbk,0,Trq,L,57,U,LIT,2bbk
2bbk,0,Tyr,L,119,S,LIT,2bbk
2bhg,0,Ala,A,163,S,LIT,2bhg
2bhg,0,Asp,A,84,S,LIT,2bhg
2bhg,0,His,A,46,S,LIT,2bhg
2bhg,0,Ser,A,182,S,LIT,2bhg
2bif,0,Ala,A,256,S,LIT,2bif
2bif,0,Arg,A,255,S,LIT,2bif
2bif,0,Arg,A,305,S,LIT,2bif
2bif,0,Asn,A,262,S,LIT,2bif
2bif,0,Glu,A,325,S,LIT,2bif
2bif,0,His,A,390,S,LIT,2bif
2bkr,0,Asp,A,119,S,LIT,2bkr
2bkr,0,Cys,A,163,S,LIT,2bkr
2bkr,0,His,A,102,S,LIT,2bkr
2bkr,0,Trp,A,103,S,LIT,2bkr
2bkr,0,Trp,A,26,S,LIT,2bkr
2bmi,0,Asn,A,176,S,LIT,2bmi
2bmi,0,Asp,A,86,S,LIT,2bmi
2bsx,0,Asp,A,206,S,LIT,2bsx
2bx4,0,Cys,A,145,S,LIT,2bx4
2bx4,0,Cys,A,145,N,LIT,2bx4
2bx4,0,His,A,41,S,LIT,2bx4
2cpo,0,Glu,A,183,S,LIT,2cpo
2cpo,0,His,A,105,S,LIT,2cpo
2cpu,0,Asn,A,300,S,LIT,2cpu
2cpu,0,Asp,A,197,S,LIT,2cpu
2cpu,0,Glu,A,233,S,LIT,2cpu
2dbt,0,Asn,A,194,S,LIT,2dbt
2dbt,0,Glu,A,147,S,LIT,2dbt
2dbt,0,Glu,A,156,S,LIT,2dbt
2dhn,0,Glu,A,22,S,LIT,2dhn
2dhn,0,Lys,A,100,S,LIT,2dhn
2dln,0,Arg,A,255,S,LIT,2dln
2dln,0,Glu,A,15,S,LIT,2dln
2dln,0,Gly,A,276,N,LIT,2dln
2dln,0,Ser,A,150,S,LIT,2dln
2dln,0,Tyr,A,216,S,LIT,2dln
2dor,0,Cys,A,130,S,LIT,2dor
2dor,0,Lys,A,43,S,LIT,2dor
2dw7,0,Asn,A,55,S,LIT,2dw7
2dw7,0,Asp,A,292,S,LIT,2dw7
2dw7,0,Glu,A,341,S,LIT,2dw7
2dw7,0,His,A,322,S,LIT,2dw7
2dw7,0,Lys,A,182,S,LIT,2dw7
2dw7,0,Lys,A,184,S,LIT,2dw7
2ebn,0,Asp,A,130,S,LIT,2ebn
2ebn,0,Glu,A,132,S,LIT,2ebn
2eng,0,Asp,A,10,S,LIT,2eng
2eng,0,Asp,A,121,S,LIT,2eng
2eql,0,Asp,A,53,S,LIT,2eql
2eql,0,Glu,A,35,S,LIT,2eql
2esd,0,Ala,A,250,S,LIT,2esd
2esd,0,Asn,A,154,S,LIT,2esd
2esd,0,Cys,A,284,S,LIT,2esd
2esd,0,Cys,A,284,N,LIT,2esd
2f61,0,Cys,A,342,S,LIT,2f61
2f61,0,Glu,A,235,S,LIT,2f61
2f61,0,Glu,A,340,S,LIT,2f61
2f9r,0,Asn,A,252,S,LIT,2f9r
2f9r,0,Asp,A,233,S,LIT,2f9r
2f9r,0,Asp,A,34,S,LIT,2f9r
2f9r,0,Asp,A,52,S,LIT,2f9r
2f9r,0,Gly,A,48,C,LIT,2f9r
2f9r,0,His,A,12,S,LIT,2f9r
2f9r,0,His,A,47,S,LIT,2f9r
2f9r,0,Lys,A,93,S,LIT,2f9r
2f9r,0,Trp,A,230,S,LIT,2f9r
2f9z,0,Cys,C,27,S,LIT,2f9z
2f9z,0,His,C,44,S,LIT,2f9z
2f9z,0,Thr,C,21,S,LIT,2f9z
2fmn,0,Asp,A,120,S,LIT,2fmn
2fmn,0,Glu,A,28,S,LIT,2fmn
2fok,0,Lys,A,469,S,LIT,2fok
2fqq,0,Ala,A,285,S,LIT,2fqq
2fqq,0,Ala,A,285,N,LIT,2fqq
2fqq,0,Arg,A,286,S,LIT,2fqq
2fqq,0,Glu,B,390,S,LIT,2fqq
2fqq,0,Gly,A,238,N,LIT,2fqq
2fqq,0,His,A,237,S,LIT,2fqq
2gb0,0,Arg,A,49,S,LIT,2gb0
2gb0,0,Cys,A,315,S,LIT,2gb0
2gb0,0,His,A,269,S,LIT,2gb0
2gb0,0,His,A,45,S,LIT,2gb0
2hdh,0,Asn,A,208,S,LIT,2hdh
2hdh,0,Glu,A,170,S,LIT,2hdh
2hdh,0,His,A,158,S,LIT,2hdh
2hdh,0,Ser,A,137,S,LIT,2hdh
2hgs,0,Arg,A,125,N,LIT,2hgs
2hgs,0,Arg,A,450,N,LIT,2hgs
2hgs,0,Gly,A,369,N,LIT,2hgs
2hgs,0,Ser,A,151,N,LIT,2hgs
2hi7,0,Arg,B,48,S,LIT,2hi7
2hi7,0,Cys,B,104,S,LIT,2hi7
2hi7,0,Cys,B,41,S,LIT,2hi7
2hi7,0,Cys,B,44,S,LIT,2hi7
2his,0,Ala,A,127,S,LIT,2his
2hsa,0,His,B,185,S,LIT,2hsa
2hsa,0,His,B,188,S,LIT,2hsa
2hsa,0,Tyr,B,190,S,LIT,2hsa
2isd,0,Glu,A,341,S,LIT,2isd
2isd,0,His,A,311,S,LIT,2isd
2isd,0,His,A,356,S,LIT,2isd
2jcw,0,Arg,A,143,S,LIT,2jcw
2jcw,0,His,A,63,S,LIT,2jcw
2nac,0,Arg,A,284,S,LIT,2nac
2nac,0,Asn,A,146,S,LIT,2nac
2nac,0,Gln,A,313,S,LIT,2nac
2nac,0,His,A,332,S,LIT,2nac
2nlr,0,Glu,A,120,S,LIT,2nlr
2nmt,0,Asn,A,169,N,LIT,2nmt
2nmt,0,Leu,A,171,N,LIT,2nmt
2nmt,0,Leu,A,455,C,LIT,2nmt
2nmt,0,Phe,A,170,N,LIT,2nmt
2ocp,0,Arg,A,142,S,LIT,2ocp
2ocp,0,Glu,A,70,S,LIT,2ocp
2pec,0,Arg,A,218,S,LIT,2pec
2pec,0,Asp,A,131,S,LIT,2pec
2pfl,0,Cys,A,418,S,LIT,2pfl
2pfl,0,Cys,A,419,S,LIT,2pfl
2pfl,0,Gly,A,734,S,LIT,2pfl
2pfl,0,Trp,A,333,S,LIT,2pfl
2plc,0,Arg,A,84,S,LIT,2plc
2plc,0,Asp,A,278,S,LIT,2plc
2plc,0,Asp,A,46,S,LIT,2plc
2plc,0,His,A,45,S,LIT,2plc
2plc,0,His,A,93,S,LIT,2plc
2pth,0,Asn,A,10,S,LIT,2pth
2pth,0,Asp,A,93,S,LIT,2pth
2pth,0,His,A,20,S,LIT,2pth
2qf7,0,Asp,A,549,S,LIT,2qf7
2qf7,0,Asp,A,655,S,LIT,2qf7
2qf7,0,Kcx,A,718,U,LIT,2qf7
2tdt,0,Asp,A,141,S,LIT,2tdt
2tdt,0,Glu,A,169,S,LIT,2tdt
2tdt,0,Gly,A,166,N,LIT,2tdt
2thi,0,Cys,A,113,S,LIT,2thi
2thi,0,Glu,A,241,S,LIT,2thi
2toh,0,His,A,331,S,LIT,2toh
2toh,0,Ser,A,395,S,LIT,2toh
2tps,0,Arg,A,59,S,LIT,2tps
2tps,0,Lys,A,159,S,LIT,2tps
2tps,0,Ser,A,130,S,LIT,2tps
2ypn,0,Arg,A,131,S,LIT,2ypn
2ypn,0,Arg,A,132,S,LIT,2ypn
2ypn,0,Arg,A,149,S,LIT,2ypn
2ypn,0,Arg,A,155,S,LIT,2ypn
2ypn,0,Asp,A,84,S,LIT,2ypn
2ypn,0,Cys,A,242,S,LIT,2ypn
3cla,0,Arg,A,18,S,LIT,3cla
3cla,0,Asp,A,199,S,LIT,3cla
3cla,0,His,A,195,S,LIT,3cla
3csm,0,Arg,A,157,S,LIT,3csm
3csm,0,Arg,A,16,S,LIT,3csm
3csm,0,Glu,A,246,S,LIT,3csm
3csm,0,Lys,A,168,S,LIT,3csm
3eca,0,Asp,A,90,S,LIT,3eca
3eca,0,Lys,A,162,S,LIT,3eca
3eca,0,Thr,A,12,S,LIT,3eca
3eca,0,Thr,A,89,S,LIT,3eca
3eca,0,Tyr,A,25,S,LIT,3eca
3nos,0,Arg,A,187,S,LIT,3nos
3nos,0,Arg,A,187,N,LIT,3nos
3nos,0,Cys,A,184,S,LIT,3nos
3nos,0,Glu,A,361,S,LIT,3nos
3nos,0,Trp,A,356,C,LIT,3nos
3pca,0,Arg,M,457,S,LIT,3pca
3pca,0,Tyr,M,447,S,LIT,3pca
3pva,0,Arg,A,228,S,LIT,3pva
3pva,0,Asn,A,175,S,LIT,3pva
3pva,0,Cys,A,1,S,LIT,3pva
3pva,0,Cys,A,1,N,LIT,3pva
3pva,0,Tyr,A,82,N,LIT,3pva
3r1r,0,Asn,A,437,S,LIT,3r1r
3r1r,0,Cys,A,225,S,LIT,3r1r
3r1r,0,Cys,A,439,S,LIT,3r1r
3r1r,0,Cys,A,462,S,LIT,3r1r
3r1r,0,Glu,A,441,S,LIT,3r1r
3s8r,0,Asn,A,413,S,LIT,3s8r
3s8r,0,Ser,A,170,S,LIT,3s8r
3s8r,0,Val,A,239,N,LIT,3s8r
4kbp,0,His,A,202,S,LIT,4kbp
4kbp,0,His,A,295,S,LIT,4kbp
4kbp,0,His,A,296,S,LIT,4kbp
5fit,0,Gln,A,83,S,LIT,5fit
5fit,0,His,A,94,S,LIT,5fit
5fit,0,His,A,96,S,LIT,5fit
7atj,0,Arg,A,38,S,LIT,7atj
7atj,0,Asn,A,70,S,LIT,7atj
7atj,0,His,A,42,S,LIT,7atj
8tln,0,Glu,E,143,S,LIT,8tln
8tln,0,His,E,231,S,LIT,8tln
